date,SMALL LoPRIOR,ME1 PRIOR2,ME1 PRIOR3,ME1 PRIOR4,SMALL HiPRIOR,ME2 PRIOR1,ME2 PRIOR2,ME2 PRIOR3,ME2 PRIOR4,ME2 PRIOR5,ME3 PRIOR1,ME3 PRIOR2,ME3 PRIOR3,ME3 PRIOR4,ME3 PRIOR5,ME4 PRIOR1,ME4 PRIOR2,ME4 PRIOR3,ME4 PRIOR4,ME4 PRIOR5,BIG LoPRIOR,ME5 PRIOR2,ME5 PRIOR3,ME5 PRIOR4,BIG HiPRIOR,Mkt-RF,SMB,RF,Mom,SMALL LoPRIOR_excess,ME1 PRIOR2_excess,ME1 PRIOR3_excess,ME1 PRIOR4_excess,SMALL HiPRIOR_excess,ME2 PRIOR1_excess,ME2 PRIOR2_excess,ME2 PRIOR3_excess,ME2 PRIOR4_excess,ME2 PRIOR5_excess,ME3 PRIOR1_excess,ME3 PRIOR2_excess,ME3 PRIOR3_excess,ME3 PRIOR4_excess,ME3 PRIOR5_excess,ME4 PRIOR1_excess,ME4 PRIOR2_excess,ME4 PRIOR3_excess,ME4 PRIOR4_excess,ME4 PRIOR5_excess,BIG LoPRIOR_excess,ME5 PRIOR2_excess,ME5 PRIOR3_excess,ME5 PRIOR4_excess,BIG HiPRIOR_excess
197208,0.85,0.08,0.24,0.48,-1.28,4.85,1.3,0.68,1.32,-2.0,6.36,3.27,3.12,-0.23,0.99,4.35,4.89,3.49,3.88,0.63,10.83,8.14,7.42,1.43,0.51,3.27,-3.99,0.29,-5.36,0.56,-0.20999999999999996,-0.04999999999999999,0.19,-1.57,4.56,1.01,0.39000000000000007,1.03,-2.29,6.07,2.98,2.83,-0.52,0.7,4.06,4.6,3.2,3.59,0.34,10.540000000000001,7.8500000000000005,7.13,1.14,0.22000000000000003
197209,-5.86,-3.18,-3.47,-3.97,-4.09,-4.8,-1.02,-3.08,-3.18,-2.18,-3.54,-2.59,-1.67,-1.69,-1.34,-4.89,-0.8,-2.03,-2.18,-2.03,-2.1,-1.25,0.59,-1.19,0.63,-1.14,-2.66,0.34,1.82,-6.2,-3.52,-3.81,-4.3100000000000005,-4.43,-5.14,-1.36,-3.42,-3.52,-2.52,-3.88,-2.9299999999999997,-2.01,-2.03,-1.6800000000000002,-5.2299999999999995,-1.1400000000000001,-2.3699999999999997,-2.52,-2.3699999999999997,-2.44,-1.59,0.24999999999999994,-1.53,0.29
197210,-3.04,-1.8,-2.6,-1.97,-3.6,-0.66,-0.45,-0.36,-1.92,1.13,-7.02,1.1,0.0,0.89,0.0,0.15,0.62,1.27,-0.14,-0.63,0.7,0.23,2.18,2.17,0.85,0.52,-2.73,0.4,0.7,-3.44,-2.2,-3.0,-2.37,-4.0,-1.06,-0.8500000000000001,-0.76,-2.32,0.7299999999999999,-7.42,0.7000000000000001,-0.4,0.49,-0.4,-0.25,0.21999999999999997,0.87,-0.54,-1.03,0.29999999999999993,-0.17,1.7800000000000002,1.77,0.44999999999999996
197211,5.83,5.27,4.49,5.1,3.8,4.93,7.1,2.54,5.11,6.35,13.28,7.52,7.63,3.76,2.85,10.07,9.59,7.46,5.6,5.85,8.45,8.28,8.81,4.35,1.25,4.6,-1.18,0.37,-5.08,5.46,4.8999999999999995,4.12,4.7299999999999995,3.4299999999999997,4.56,6.7299999999999995,2.17,4.74,5.9799999999999995,12.91,7.1499999999999995,7.26,3.3899999999999997,2.48,9.700000000000001,9.22,7.09,5.2299999999999995,5.4799999999999995,8.08,7.909999999999999,8.440000000000001,3.9799999999999995,0.88
197212,-5.85,-2.27,-2.16,-0.89,-0.17,-5.0,-3.16,-0.81,-2.04,1.19,-2.64,-1.45,-0.62,1.99,1.29,-3.64,-2.46,-2.0,-0.19,0.54,-2.99,-1.15,-0.42,1.96,4.32,0.62,-1.95,0.37,4.95,-6.22,-2.64,-2.5300000000000002,-1.26,-0.54,-5.37,-3.5300000000000002,-1.1800000000000002,-2.41,0.82,-3.0100000000000002,-1.8199999999999998,-0.99,1.62,0.92,-4.01,-2.83,-2.37,-0.56,0.17000000000000004,-3.3600000000000003,-1.52,-0.79,1.5899999999999999,3.95
197301,-4.85,-2.89,-3.51,-4.08,-4.02,-8.0,-3.48,-4.85,-6.04,-6.68,-9.07,-7.62,-5.64,-4.77,-5.35,-9.63,-7.36,-5.09,-6.31,-3.83,-11.86,-5.13,-4.72,0.98,-1.36,-3.27,-3.49,0.44,3.82,-5.29,-3.33,-3.9499999999999997,-4.5200000000000005,-4.46,-8.44,-3.92,-5.29,-6.48,-7.12,-9.51,-8.06,-6.08,-5.21,-5.79,-10.07,-7.800000000000001,-5.53,-6.75,-4.2700000000000005,-12.299999999999999,-5.57,-5.16,0.54,-1.8
197302,-9.26,-7.69,-7.34,-6.62,-9.38,-7.91,-8.48,-5.91,-7.44,-11.35,-11.13,-7.67,-5.38,-8.25,-8.87,-8.38,-5.98,-5.03,-5.5,-5.99,-8.83,-5.1,-4.1,-2.85,-3.32,-4.85,-3.89,0.42,2.18,-9.68,-8.110000000000001,-7.76,-7.04,-9.8,-8.33,-8.9,-6.33,-7.86,-11.77,-11.55,-8.09,-5.8,-8.67,-9.29,-8.8,-6.4,-5.45,-5.92,-6.41,-9.25,-5.52,-4.52,-3.27,-3.7399999999999998
197303,-4.84,-1.76,-3.29,-1.79,0.76,-4.84,-2.76,-3.33,-3.15,-0.17,-4.52,-4.49,-2.68,-2.47,-0.32,-3.19,-1.68,-3.69,-2.58,-1.14,0.15,-3.88,-0.23,-1.65,0.92,-1.3,-2.78,0.46,3.55,-5.3,-2.22,-3.75,-2.25,0.3,-5.3,-3.2199999999999998,-3.79,-3.61,-0.63,-4.9799999999999995,-4.95,-3.14,-2.93,-0.78,-3.65,-2.14,-4.15,-3.04,-1.5999999999999999,-0.31000000000000005,-4.34,-0.6900000000000001,-2.11,0.46
197304,-11.18,-6.96,-5.92,-4.56,-4.06,-13.42,-7.96,-5.61,-2.28,-6.77,-11.7,-8.14,-8.02,-3.33,-4.16,-12.05,-8.92,-7.28,-4.18,-3.47,-13.52,-8.73,-4.31,-3.34,-3.78,-5.68,-3.84,0.52,6.35,-11.7,-7.48,-6.4399999999999995,-5.08,-4.58,-13.94,-8.48,-6.130000000000001,-2.8,-7.289999999999999,-12.219999999999999,-8.66,-8.54,-3.85,-4.68,-12.57,-9.44,-7.800000000000001,-4.699999999999999,-3.99,-14.04,-9.25,-4.83,-3.86,-4.3
197305,-12.41,-10.72,-8.06,-6.46,-8.14,-9.47,-10.44,-8.36,-6.58,-5.29,-10.77,-9.2,-7.78,-6.25,-4.68,-13.26,-9.1,-5.43,-3.8,-3.26,-6.99,-4.72,-2.01,-0.7,-0.38,-2.97,-6.27,0.51,7.18,-12.92,-11.23,-8.57,-6.97,-8.65,-9.98,-10.95,-8.87,-7.09,-5.8,-11.28,-9.709999999999999,-8.290000000000001,-6.76,-5.1899999999999995,-13.77,-9.61,-5.9399999999999995,-4.31,-3.7699999999999996,-7.5,-5.2299999999999995,-2.5199999999999996,-1.21,-0.89
197306,-5.99,-4.14,-1.98,-1.66,-2.76,-6.96,-3.25,-3.26,-0.51,-1.87,-6.71,-2.92,-1.61,-1.06,-3.05,-6.64,-6.37,-3.82,-2.2,-0.9,-9.11,0.88,-4.09,-0.49,0.69,-1.57,-2.84,0.51,4.31,-6.5,-4.6499999999999995,-2.49,-2.17,-3.2699999999999996,-7.47,-3.76,-3.7699999999999996,-1.02,-2.38,-7.22,-3.4299999999999997,-2.12,-1.57,-3.5599999999999996,-7.1499999999999995,-6.88,-4.33,-2.71,-1.4100000000000001,-9.62,0.37,-4.6,-1.0,0.17999999999999994
197307,18.5,13.54,13.02,10.45,12.52,20.74,13.38,9.98,5.89,11.69,18.43,13.28,9.12,6.66,4.28,15.58,15.27,9.57,10.56,4.37,9.42,10.9,11.81,4.24,2.35,5.04,7.92,0.64,-11.66,17.86,12.899999999999999,12.379999999999999,9.809999999999999,11.879999999999999,20.099999999999998,12.74,9.34,5.25,11.049999999999999,17.79,12.639999999999999,8.479999999999999,6.0200000000000005,3.64,14.94,14.629999999999999,8.93,9.92,3.73,8.78,10.26,11.17,3.6,1.71
197308,-8.67,-5.72,-4.71,-5.97,-2.24,-10.42,-5.46,-1.24,-3.75,0.1,-5.5,-1.7,-4.75,-1.0,-0.33,-5.25,-5.11,-3.04,0.74,-1.16,-1.59,-4.8,-2.5,-2.59,-3.54,-3.82,-2.0,0.7,3.59,-9.37,-6.42,-5.41,-6.67,-2.9400000000000004,-11.12,-6.16,-1.94,-4.45,-0.6,-6.2,-2.4,-5.45,-1.7,-1.03,-5.95,-5.8100000000000005,-3.74,0.040000000000000036,-1.8599999999999999,-2.29,-5.5,-3.2,-3.29,-4.24
197309,10.32,8.76,9.72,7.38,8.11,12.14,13.8,9.73,9.76,11.59,11.6,13.05,11.17,10.02,8.45,13.08,13.7,13.26,8.93,9.27,12.71,12.5,10.62,0.71,4.25,4.74,2.93,0.68,-6.98,9.64,8.08,9.040000000000001,6.7,7.43,11.46,13.120000000000001,9.05,9.08,10.91,10.92,12.370000000000001,10.49,9.34,7.77,12.4,13.02,12.58,8.25,8.59,12.030000000000001,11.82,9.94,0.029999999999999916,3.57
197310,-2.73,-0.45,1.6,2.79,5.4,-6.02,-1.13,0.6,2.69,3.57,-5.14,-1.44,-0.89,0.29,5.17,-6.53,-3.23,0.52,-2.06,4.4,-7.52,-3.77,-5.47,0.73,1.57,-0.83,-0.21,0.65,6.78,-3.38,-1.1,0.9500000000000001,2.14,4.75,-6.67,-1.7799999999999998,-0.050000000000000044,2.04,2.92,-5.79,-2.09,-1.54,-0.36000000000000004,4.52,-7.180000000000001,-3.88,-0.13,-2.71,3.7500000000000004,-8.17,-4.42,-6.12,0.07999999999999996,0.92
197311,-23.66,-19.35,-17.88,-16.01,-17.77,-22.14,-21.14,-16.0,-16.4,-18.88,-21.59,-18.69,-17.86,-13.15,-14.69,-22.28,-20.54,-17.29,-12.81,-14.27,-24.21,-17.55,-11.93,-9.49,-8.41,-12.78,-7.72,0.56,8.78,-24.22,-19.91,-18.439999999999998,-16.57,-18.33,-22.7,-21.7,-16.56,-16.959999999999997,-19.439999999999998,-22.15,-19.25,-18.419999999999998,-13.71,-15.25,-22.84,-21.099999999999998,-17.849999999999998,-13.370000000000001,-14.83,-24.77,-18.11,-12.49,-10.05,-8.97
197312,-10.31,-4.63,-4.02,-2.9,1.61,-7.25,-5.34,-0.1,0.8,6.7,-5.64,-4.4,0.27,0.77,10.24,-2.54,-0.41,-1.92,3.94,6.85,-2.49,-6.26,1.35,-0.18,5.14,0.59,-5.4,0.64,10.16,-10.950000000000001,-5.27,-4.659999999999999,-3.54,0.9700000000000001,-7.89,-5.9799999999999995,-0.74,0.16000000000000003,6.0600000000000005,-6.279999999999999,-5.04,-0.37,0.13,9.6,-3.18,-1.05,-2.56,3.3,6.21,-3.1300000000000003,-6.8999999999999995,0.7100000000000001,-0.8200000000000001,4.5
197401,21.28,15.69,13.38,10.38,8.91,12.87,10.53,9.7,8.07,7.07,13.51,7.8,7.19,6.24,2.03,3.25,5.15,4.66,3.36,1.26,2.55,6.56,3.08,-1.25,-4.42,-0.16,9.68,0.63,-8.91,20.650000000000002,15.059999999999999,12.75,9.75,8.28,12.239999999999998,9.899999999999999,9.069999999999999,7.44,6.44,12.879999999999999,7.17,6.5600000000000005,5.61,1.4,2.62,4.5200000000000005,4.03,2.73,0.63,1.92,5.93,2.45,-1.88,-5.05
197402,-1.29,0.66,1.28,0.52,0.88,-0.1,2.49,0.64,0.04,-1.8,-0.96,-1.09,-0.58,1.26,1.31,0.03,1.87,-0.7,1.0,-1.05,-2.46,0.81,-1.3,-0.61,1.3,-0.46,0.0,0.58,0.37,-1.87,0.08000000000000007,0.7000000000000001,-0.05999999999999994,0.30000000000000004,-0.6799999999999999,1.9100000000000001,0.06000000000000005,-0.5399999999999999,-2.38,-1.54,-1.67,-1.16,0.68,0.7300000000000001,-0.5499999999999999,1.29,-1.2799999999999998,0.42000000000000004,-1.63,-3.04,0.2300000000000001,-1.88,-1.19,0.7200000000000001
197403,2.53,1.99,1.18,2.57,-0.4,0.18,-1.67,-0.2,-1.12,-2.43,0.27,-1.18,-1.03,-1.45,-2.09,-1.0,-1.62,-3.6,-3.22,-4.25,-3.4,-2.48,-0.46,-2.45,-4.06,-2.82,2.5,0.56,-1.0,1.9699999999999998,1.43,0.6199999999999999,2.01,-0.9600000000000001,-0.38000000000000006,-2.23,-0.76,-1.6800000000000002,-2.99,-0.29000000000000004,-1.74,-1.59,-2.01,-2.65,-1.56,-2.18,-4.16,-3.7800000000000002,-4.8100000000000005,-3.96,-3.04,-1.02,-3.0100000000000002,-4.619999999999999
197404,-7.19,-5.28,-4.46,-4.36,-4.33,-7.87,-5.36,-4.58,-4.12,-6.45,-9.68,-7.09,-6.12,-4.73,-5.75,-8.65,-6.28,-7.25,-5.4,-4.34,-10.3,-3.47,-3.21,-4.04,-4.36,-5.28,-0.68,0.75,2.06,-7.94,-6.03,-5.21,-5.11,-5.08,-8.620000000000001,-6.11,-5.33,-4.87,-7.2,-10.43,-7.84,-6.87,-5.48,-6.5,-9.4,-7.03,-8.0,-6.15,-5.09,-11.05,-4.220000000000001,-3.96,-4.79,-5.11
197405,-9.9,-7.89,-6.56,-6.1,-6.38,-9.64,-6.95,-7.81,-7.43,-7.81,-9.39,-7.81,-8.28,-6.27,-7.03,-3.61,-5.21,-5.82,-6.15,-9.23,-5.11,-0.07,-1.05,-3.85,-6.77,-4.7,-2.93,0.75,-0.29,-10.65,-8.64,-7.31,-6.85,-7.13,-10.39,-7.7,-8.559999999999999,-8.18,-8.559999999999999,-10.14,-8.559999999999999,-9.03,-7.02,-7.78,-4.359999999999999,-5.96,-6.57,-6.9,-9.98,-5.86,-0.8200000000000001,-1.8,-4.6,-7.52
197406,-4.37,-3.24,-2.44,-2.5,-1.76,-5.64,-4.75,-2.7,-4.47,-1.67,-7.51,-3.81,-4.28,-2.5,-0.15,-5.48,-2.85,-4.49,-2.98,-2.23,-5.8,-1.83,-0.73,-1.92,-1.52,-2.84,-0.24,0.6,2.32,-4.97,-3.8400000000000003,-3.04,-3.1,-2.36,-6.239999999999999,-5.35,-3.3000000000000003,-5.069999999999999,-2.27,-8.11,-4.41,-4.88,-3.1,-0.75,-6.08,-3.45,-5.09,-3.58,-2.83,-6.3999999999999995,-2.43,-1.33,-2.52,-2.12
197407,-7.35,-5.55,-4.24,-5.05,-4.97,-6.92,-5.08,-4.7,-4.21,-3.23,-5.82,-2.23,-2.47,-4.65,-3.01,-5.1,-5.45,-4.12,-6.84,-3.21,-8.31,-9.56,-9.86,-7.59,-4.79,-8.06,0.78,0.7,3.0,-8.049999999999999,-6.25,-4.94,-5.75,-5.67,-7.62,-5.78,-5.4,-4.91,-3.9299999999999997,-6.5200000000000005,-2.9299999999999997,-3.17,-5.3500000000000005,-3.71,-5.8,-6.15,-4.82,-7.54,-3.91,-9.01,-10.26,-10.559999999999999,-8.29,-5.49
197408,-10.44,-8.34,-7.84,-6.47,-6.7,-9.8,-10.05,-8.65,-6.98,-6.0,-11.86,-9.24,-8.67,-8.98,-5.83,-11.22,-10.23,-12.14,-8.1,-6.62,-9.52,-8.25,-9.87,-7.66,-9.16,-9.39,-0.69,0.6,3.03,-11.04,-8.94,-8.44,-7.069999999999999,-7.3,-10.4,-10.65,-9.25,-7.58,-6.6,-12.459999999999999,-9.84,-9.27,-9.58,-6.43,-11.82,-10.83,-12.74,-8.7,-7.22,-10.12,-8.85,-10.469999999999999,-8.26,-9.76
197409,-10.55,-7.79,-6.91,-6.63,-6.01,-12.56,-10.19,-6.0,-7.6,-9.06,-10.49,-7.87,-7.72,-6.24,-8.16,-9.98,-7.49,-8.79,-6.76,-8.57,-15.68,-14.5,-14.29,-8.82,-9.64,-11.79,0.27,0.81,4.24,-11.360000000000001,-8.6,-7.720000000000001,-7.4399999999999995,-6.82,-13.370000000000001,-11.0,-6.8100000000000005,-8.41,-9.870000000000001,-11.3,-8.68,-8.53,-7.050000000000001,-8.97,-10.790000000000001,-8.3,-9.6,-7.57,-9.38,-16.49,-15.31,-15.1,-9.63,-10.450000000000001
197410,8.39,7.33,7.08,5.99,10.44,13.37,10.09,7.46,7.84,12.53,13.42,14.03,9.85,10.2,12.9,16.66,19.33,10.51,14.29,15.48,24.12,22.04,12.44,20.42,16.83,16.11,-3.43,0.51,-0.52,7.880000000000001,6.82,6.57,5.48,9.93,12.86,9.58,6.95,7.33,12.02,12.91,13.52,9.34,9.69,12.39,16.15,18.819999999999997,10.0,13.78,14.97,23.61,21.529999999999998,11.93,19.91,16.319999999999997
197411,-8.49,-6.42,-5.38,-5.32,-3.13,-7.3,-5.39,-4.69,-3.76,-3.86,-3.21,-4.86,-4.74,-3.81,-0.84,-4.88,-3.66,-3.34,-0.63,-2.67,-3.65,-4.14,-4.83,-4.47,-2.73,-4.53,-1.17,0.54,2.2,-9.030000000000001,-6.96,-5.92,-5.86,-3.67,-7.84,-5.93,-5.23,-4.3,-4.4,-3.75,-5.4,-5.28,-4.35,-1.38,-5.42,-4.2,-3.88,-1.17,-3.21,-4.1899999999999995,-4.68,-5.37,-5.01,-3.27
197412,-11.33,-8.17,-8.5,-7.49,-5.97,-5.64,-7.59,-5.56,-5.7,-4.35,-5.33,-6.03,-5.03,-4.73,-5.45,-5.42,-3.91,-6.02,-1.11,-4.88,-5.88,-3.42,-2.0,-1.16,0.92,-3.44,-4.74,0.7,2.98,-12.03,-8.87,-9.2,-8.19,-6.67,-6.34,-8.29,-6.26,-6.4,-5.05,-6.03,-6.73,-5.73,-5.430000000000001,-6.15,-6.12,-4.61,-6.72,-1.81,-5.58,-6.58,-4.12,-2.7,-1.8599999999999999,0.22000000000000008
197501,43.22,37.33,31.56,24.66,21.19,33.92,32.54,26.95,24.38,18.48,27.68,27.72,25.25,19.16,17.48,28.87,22.7,21.86,20.13,13.39,22.46,13.33,10.82,6.06,10.08,13.67,11.06,0.58,-13.79,42.64,36.75,30.98,24.080000000000002,20.610000000000003,33.34,31.96,26.37,23.8,17.900000000000002,27.1,27.14,24.67,18.580000000000002,16.900000000000002,28.290000000000003,22.12,21.28,19.55,12.81,21.880000000000003,12.75,10.24,5.4799999999999995,9.5
197502,3.88,4.4,5.43,5.55,5.37,5.63,2.54,3.72,4.71,5.47,5.03,5.21,5.18,3.45,4.91,8.76,5.77,2.93,4.21,4.07,7.22,9.37,8.0,5.72,4.57,5.56,0.12,0.43,-0.58,3.4499999999999997,3.97,5.0,5.12,4.94,5.2,2.11,3.29,4.28,5.04,4.6000000000000005,4.78,4.75,3.02,4.48,8.33,5.34,2.5,3.78,3.64,6.79,8.94,7.57,5.29,4.140000000000001
197503,13.13,9.16,6.48,7.17,7.44,6.96,5.1,6.11,4.83,6.3,7.07,4.22,5.49,4.66,5.55,6.87,3.94,2.99,5.9,9.03,2.27,4.05,1.31,-0.57,4.37,2.66,3.75,0.41,-2.07,12.72,8.75,6.07,6.76,7.03,6.55,4.6899999999999995,5.7,4.42,5.89,6.66,3.8099999999999996,5.08,4.25,5.14,6.46,3.53,2.58,5.49,8.62,1.86,3.6399999999999997,0.9000000000000001,-0.98,3.96
197504,1.1,2.14,2.73,3.56,7.02,-0.1,4.05,2.18,4.33,6.36,3.09,3.68,4.41,4.26,7.66,6.22,4.69,4.26,4.27,6.19,9.16,5.78,5.39,3.21,3.94,4.22,-0.64,0.44,1.52,0.6600000000000001,1.7000000000000002,2.29,3.12,6.579999999999999,-0.54,3.61,1.7400000000000002,3.89,5.92,2.65,3.24,3.97,3.82,7.22,5.779999999999999,4.25,3.82,3.8299999999999996,5.75,8.72,5.34,4.949999999999999,2.77,3.5
197505,8.4,7.03,5.76,7.47,9.54,7.88,8.53,7.16,7.79,9.0,7.46,6.4,7.26,5.19,6.45,6.33,6.75,5.96,5.85,5.03,6.18,5.16,5.88,4.52,4.33,5.2,3.93,0.44,-0.58,7.96,6.59,5.319999999999999,7.029999999999999,9.1,7.4399999999999995,8.09,6.72,7.35,8.56,7.02,5.96,6.819999999999999,4.75,6.01,5.89,6.31,5.52,5.409999999999999,4.59,5.739999999999999,4.72,5.4399999999999995,4.079999999999999,3.89
197506,8.3,7.76,7.49,7.28,7.99,6.55,6.16,7.1,5.14,6.96,5.73,4.81,8.21,5.5,3.99,6.0,7.41,7.05,7.62,6.76,4.67,3.72,5.24,5.94,5.24,4.87,0.81,0.41,-0.05,7.890000000000001,7.35,7.08,6.87,7.58,6.14,5.75,6.6899999999999995,4.7299999999999995,6.55,5.32,4.3999999999999995,7.800000000000001,5.09,3.58,5.59,7.0,6.64,7.21,6.35,4.26,3.31,4.83,5.53,4.83
197507,0.02,0.1,-0.64,-1.21,-1.84,-1.6,-3.04,-4.11,-3.23,-3.63,-4.73,-3.2,-2.84,-4.46,-5.07,-6.24,-6.29,-7.11,-4.46,-5.75,-10.04,-6.13,-5.89,-6.42,-5.17,-6.6,2.66,0.48,0.35,-0.45999999999999996,-0.38,-1.12,-1.69,-2.3200000000000003,-2.08,-3.52,-4.59,-3.71,-4.109999999999999,-5.210000000000001,-3.68,-3.32,-4.9399999999999995,-5.550000000000001,-6.720000000000001,-6.77,-7.59,-4.9399999999999995,-6.23,-10.52,-6.609999999999999,-6.369999999999999,-6.9,-5.65
197508,-6.23,-4.39,-5.35,-6.76,-6.21,-5.87,-4.24,-4.59,-3.91,-5.02,-4.59,-4.25,-3.66,-2.74,-4.13,-5.95,-1.98,-4.24,-4.21,-1.92,-2.17,-1.23,-2.2,-0.74,-2.18,-2.84,-3.17,0.48,-0.16,-6.710000000000001,-4.869999999999999,-5.83,-7.24,-6.6899999999999995,-6.35,-4.720000000000001,-5.07,-4.390000000000001,-5.5,-5.07,-4.73,-4.140000000000001,-3.22,-4.609999999999999,-6.43,-2.46,-4.720000000000001,-4.6899999999999995,-2.4,-2.65,-1.71,-2.68,-1.22,-2.66
197509,-4.4,-2.95,-2.73,-3.66,-3.33,-3.61,-4.12,-3.8,-4.06,-4.27,-4.75,-3.58,-3.45,-4.62,-4.12,-6.01,-4.5,-2.77,-3.48,-3.49,-5.53,-3.14,-2.04,-4.73,-3.06,-4.26,-0.16,0.53,0.4,-4.930000000000001,-3.4800000000000004,-3.26,-4.19,-3.8600000000000003,-4.14,-4.65,-4.33,-4.59,-4.8,-5.28,-4.11,-3.9800000000000004,-5.15,-4.65,-6.54,-5.03,-3.3,-4.01,-4.0200000000000005,-6.0600000000000005,-3.67,-2.5700000000000003,-5.260000000000001,-3.59
197510,-0.15,1.28,1.48,1.52,2.69,1.31,2.43,3.85,4.45,2.54,1.33,2.39,4.38,2.51,5.24,4.44,4.87,6.11,6.01,8.57,9.48,7.05,7.14,5.04,3.63,5.32,-4.08,0.56,-0.22,-0.7100000000000001,0.72,0.9199999999999999,0.96,2.13,0.75,1.87,3.29,3.89,1.98,0.77,1.83,3.82,1.9499999999999997,4.68,3.8800000000000003,4.3100000000000005,5.550000000000001,5.449999999999999,8.01,8.92,6.49,6.58,4.48,3.07
197511,0.66,0.83,2.93,1.76,2.69,1.64,3.28,2.26,2.88,3.23,2.38,2.19,3.15,3.42,2.72,4.73,4.22,2.22,5.87,3.82,5.22,3.33,2.39,1.48,1.05,2.65,-1.22,0.41,-0.5,0.25000000000000006,0.42,2.52,1.35,2.28,1.23,2.8699999999999997,1.8499999999999999,2.4699999999999998,2.82,1.97,1.78,2.7399999999999998,3.01,2.31,4.32,3.8099999999999996,1.8100000000000003,5.46,3.4099999999999997,4.81,2.92,1.9800000000000002,1.07,0.6400000000000001
197512,-0.63,-0.11,-1.22,-0.69,-1.57,0.58,-0.55,0.77,-2.22,-1.67,1.66,-0.2,-0.61,-0.93,-1.2,-0.7,0.34,-1.31,-1.17,-2.33,-2.84,-1.31,-2.2,0.03,0.27,-1.6,-0.87,0.48,-0.1,-1.1099999999999999,-0.59,-1.7,-1.17,-2.05,0.09999999999999998,-1.03,0.29000000000000004,-2.7,-2.15,1.18,-0.6799999999999999,-1.0899999999999999,-1.4100000000000001,-1.68,-1.18,-0.13999999999999996,-1.79,-1.65,-2.81,-3.32,-1.79,-2.68,-0.44999999999999996,-0.20999999999999996
197601,17.61,19.7,20.29,20.59,24.02,15.66,17.01,19.98,20.4,19.64,13.07,18.16,15.19,16.43,19.64,11.76,14.49,16.13,16.65,16.79,8.6,11.7,11.73,12.77,12.17,12.15,4.87,0.47,4.39,17.14,19.23,19.82,20.12,23.55,15.19,16.540000000000003,19.51,19.93,19.17,12.6,17.69,14.719999999999999,15.959999999999999,19.17,11.29,14.02,15.659999999999998,16.18,16.32,8.129999999999999,11.229999999999999,11.26,12.299999999999999,11.7
197602,12.52,10.06,9.37,11.48,11.66,7.94,8.03,7.96,9.53,7.33,5.71,6.13,5.03,4.67,6.06,2.73,3.52,1.88,2.21,2.82,-2.72,-1.21,-1.44,-2.05,3.17,0.31,6.97,0.34,0.38,12.18,9.72,9.03,11.14,11.32,7.6000000000000005,7.6899999999999995,7.62,9.19,6.99,5.37,5.79,4.69,4.33,5.72,2.39,3.18,1.5399999999999998,1.8699999999999999,2.48,-3.06,-1.55,-1.78,-2.3899999999999997,2.83
197603,-0.45,1.24,3.01,1.67,2.61,-0.03,0.55,2.92,2.84,1.97,-0.3,0.86,2.01,2.31,1.93,0.68,1.25,2.43,3.12,1.81,4.59,3.27,4.27,1.59,-0.36,2.32,-1.17,0.4,0.23,-0.8500000000000001,0.84,2.61,1.27,2.21,-0.43000000000000005,0.15000000000000002,2.52,2.44,1.5699999999999998,-0.7,0.45999999999999996,1.6099999999999999,1.9100000000000001,1.5299999999999998,0.28,0.85,2.0300000000000002,2.72,1.4100000000000001,4.1899999999999995,2.87,3.8699999999999997,1.19,-0.76
197604,-1.08,-0.58,-0.4,-1.64,-1.79,-1.09,-0.14,-0.36,-0.28,-2.58,-1.38,-0.05,-0.45,-2.02,-0.76,-2.74,-0.81,-0.11,-1.93,-1.09,-3.41,-0.54,-0.55,0.84,-1.63,-1.49,-0.08,0.42,0.53,-1.5,-1.0,-0.8200000000000001,-2.06,-2.21,-1.51,-0.56,-0.78,-0.7,-3.0,-1.7999999999999998,-0.47,-0.87,-2.44,-1.18,-3.16,-1.23,-0.53,-2.35,-1.51,-3.83,-0.96,-0.97,0.42,-2.05
197605,-0.79,-1.36,-0.53,-2.08,-4.58,-1.04,-0.31,-0.21,-2.17,-3.56,-1.17,-0.36,-0.95,-1.68,-2.76,-1.68,-1.57,-1.26,-1.23,-3.64,-0.82,-1.0,-0.55,0.21,-0.35,-1.34,-1.19,0.37,-1.06,-1.1600000000000001,-1.73,-0.9,-2.45,-4.95,-1.4100000000000001,-0.6799999999999999,-0.58,-2.54,-3.93,-1.54,-0.73,-1.3199999999999998,-2.05,-3.13,-2.05,-1.94,-1.63,-1.6,-4.01,-1.19,-1.37,-0.92,-0.16,-0.72
197606,1.66,2.82,2.13,1.74,2.77,2.68,3.34,1.98,3.2,4.71,4.03,5.7,4.49,5.96,6.81,5.98,6.46,5.1,6.17,5.11,6.3,3.19,4.66,3.49,3.02,4.06,-1.32,0.43,-0.44,1.23,2.3899999999999997,1.7,1.31,2.34,2.25,2.9099999999999997,1.55,2.77,4.28,3.6,5.2700000000000005,4.0600000000000005,5.53,6.38,5.550000000000001,6.03,4.67,5.74,4.680000000000001,5.87,2.76,4.23,3.06,2.59
197607,-0.93,0.32,0.73,0.84,0.07,-0.38,0.83,0.63,1.56,0.2,-0.25,0.98,-0.13,1.75,-2.13,0.21,0.9,0.4,-0.24,-2.06,-0.97,-1.84,0.86,-1.46,-1.58,-1.06,0.28,0.47,-0.15,-1.4,-0.14999999999999997,0.26,0.37,-0.39999999999999997,-0.85,0.36,0.16000000000000003,1.09,-0.26999999999999996,-0.72,0.51,-0.6,1.28,-2.5999999999999996,-0.26,0.43000000000000005,-0.06999999999999995,-0.71,-2.5300000000000002,-1.44,-2.31,0.39,-1.93,-2.05
197608,-2.09,-0.64,-1.46,-1.58,-1.99,-2.49,-0.88,-1.36,-1.8,-2.53,-2.57,-0.53,-0.36,-2.05,-2.51,-1.46,0.38,0.78,-0.54,-2.11,1.33,0.1,1.0,-0.35,-2.38,-0.57,-2.05,0.42,-0.78,-2.51,-1.06,-1.88,-2.0,-2.41,-2.91,-1.3,-1.78,-2.22,-2.9499999999999997,-2.9899999999999998,-0.95,-0.78,-2.4699999999999998,-2.9299999999999997,-1.88,-0.03999999999999998,0.36000000000000004,-0.96,-2.53,0.9100000000000001,-0.31999999999999995,0.5800000000000001,-0.77,-2.8
197609,1.0,1.43,3.3,2.49,2.18,3.56,2.73,3.58,4.04,2.53,2.66,1.62,1.97,1.84,3.91,2.27,1.86,2.41,4.21,2.05,1.47,3.02,2.52,3.27,-0.11,2.06,0.08,0.44,0.2,0.56,0.99,2.86,2.0500000000000003,1.7400000000000002,3.12,2.29,3.14,3.6,2.09,2.22,1.1800000000000002,1.53,1.4000000000000001,3.47,1.83,1.4200000000000002,1.9700000000000002,3.77,1.6099999999999999,1.03,2.58,2.08,2.83,-0.55
197610,-2.0,-1.68,-1.36,-1.91,-2.06,-3.22,-1.97,-1.78,-2.27,-1.85,-1.59,-0.83,-1.29,-2.3,-2.89,-1.2,-2.2,-1.06,-0.88,-2.78,-3.11,-2.32,-0.97,-2.12,-3.56,-2.42,0.14,0.41,-0.42,-2.41,-2.09,-1.77,-2.32,-2.47,-3.6300000000000003,-2.38,-2.19,-2.68,-2.2600000000000002,-2.0,-1.24,-1.7,-2.71,-3.3000000000000003,-1.6099999999999999,-2.6100000000000003,-1.47,-1.29,-3.19,-3.52,-2.73,-1.38,-2.5300000000000002,-3.97
197611,1.88,2.8,3.22,3.35,3.66,3.51,2.94,2.97,5.06,4.92,4.29,2.78,3.9,3.89,4.21,1.85,3.72,2.45,3.42,4.72,-3.04,-0.25,0.88,0.82,2.06,0.36,2.34,0.4,2.81,1.48,2.4,2.8200000000000003,2.95,3.2600000000000002,3.11,2.54,2.5700000000000003,4.659999999999999,4.52,3.89,2.38,3.5,3.49,3.81,1.4500000000000002,3.3200000000000003,2.0500000000000003,3.02,4.319999999999999,-3.44,-0.65,0.48,0.41999999999999993,1.6600000000000001
197612,11.22,9.86,9.1,10.47,10.07,12.11,9.81,8.51,9.64,9.82,10.87,9.42,7.94,8.59,7.42,6.49,5.86,7.72,7.75,7.46,4.1,5.13,4.33,8.15,6.06,5.65,3.03,0.4,0.75,10.82,9.459999999999999,8.7,10.07,9.67,11.709999999999999,9.41,8.11,9.24,9.42,10.469999999999999,9.02,7.54,8.19,7.02,6.09,5.46,7.319999999999999,7.35,7.06,3.6999999999999997,4.7299999999999995,3.93,7.75,5.659999999999999
197701,3.25,3.21,5.23,4.65,4.58,-1.93,3.04,2.6,1.16,2.58,-2.12,-2.16,0.6,-0.66,2.37,-4.83,-3.33,-1.16,-3.33,-0.29,-8.64,-5.63,-3.15,-2.5,-2.22,-4.03,4.75,0.36,4.05,2.89,2.85,4.87,4.29,4.22,-2.29,2.68,2.24,0.7999999999999999,2.22,-2.48,-2.52,0.24,-1.02,2.0100000000000002,-5.19,-3.69,-1.52,-3.69,-0.6499999999999999,-9.0,-5.99,-3.51,-2.86,-2.58
197702,-1.32,-1.07,0.18,0.64,0.98,-2.35,-0.5,-0.64,-0.01,-0.67,-2.98,-1.93,-1.68,-1.63,-0.74,-2.07,-1.78,-2.15,-2.27,-0.97,-1.44,-0.85,-1.36,-2.55,-3.72,-1.94,1.03,0.35,0.35,-1.67,-1.42,-0.16999999999999998,0.29000000000000004,0.63,-2.7,-0.85,-0.99,-0.36,-1.02,-3.33,-2.28,-2.03,-1.98,-1.0899999999999999,-2.42,-2.13,-2.5,-2.62,-1.3199999999999998,-1.79,-1.2,-1.71,-2.9,-4.07
197703,-0.11,1.07,1.42,1.3,1.61,1.54,-0.29,0.84,0.24,1.18,-1.24,0.03,0.37,0.37,-0.7,-1.38,-0.62,1.27,1.03,0.78,-2.45,-1.72,-0.53,-1.54,-1.97,-1.35,0.99,0.38,0.68,-0.49,0.6900000000000001,1.04,0.92,1.23,1.1600000000000001,-0.6699999999999999,0.45999999999999996,-0.14,0.7999999999999999,-1.62,-0.35,-0.010000000000000009,-0.010000000000000009,-1.08,-1.7599999999999998,-1.0,0.89,0.65,0.4,-2.83,-2.1,-0.91,-1.92,-2.35
197704,-0.28,0.78,2.48,2.69,2.58,-0.66,2.56,1.49,2.72,3.47,-1.28,0.42,2.95,1.31,3.55,-1.87,0.93,1.03,2.07,3.23,-3.31,0.17,0.13,2.45,2.41,0.15,-0.13,0.38,4.19,-0.66,0.4,2.1,2.31,2.2,-1.04,2.18,1.1099999999999999,2.3400000000000003,3.0900000000000003,-1.6600000000000001,0.03999999999999998,2.5700000000000003,0.93,3.17,-2.25,0.55,0.65,1.69,2.85,-3.69,-0.21,-0.25,2.0700000000000003,2.0300000000000002
197705,-1.35,0.04,0.95,0.58,0.39,-0.88,-0.02,0.38,0.62,0.01,-1.24,0.16,-0.39,0.57,-0.84,0.21,-2.43,-1.17,-0.41,0.37,-3.74,-2.28,-0.23,0.32,0.5,-1.47,1.25,0.37,2.01,-1.7200000000000002,-0.33,0.58,0.20999999999999996,0.020000000000000018,-1.25,-0.39,0.010000000000000009,0.25,-0.36,-1.6099999999999999,-0.21,-0.76,0.19999999999999996,-1.21,-0.16,-2.8000000000000003,-1.54,-0.78,0.0,-4.11,-2.65,-0.6,-0.04999999999999999,0.13
197706,5.26,5.6,5.22,5.62,6.96,4.74,5.94,6.12,5.15,7.8,4.99,6.19,6.68,6.42,7.62,6.03,4.33,3.68,6.21,6.69,5.05,5.48,3.6,4.18,6.47,4.72,2.07,0.4,1.6,4.859999999999999,5.199999999999999,4.819999999999999,5.22,6.56,4.34,5.54,5.72,4.75,7.3999999999999995,4.59,5.79,6.279999999999999,6.02,7.22,5.63,3.93,3.2800000000000002,5.81,6.29,4.6499999999999995,5.08,3.2,3.78,6.069999999999999
197707,0.07,1.11,1.47,1.56,1.71,-1.25,0.88,0.18,1.04,-0.3,-0.85,-1.42,0.76,-0.69,-0.52,-2.37,-1.96,-1.43,-0.75,-2.48,-2.67,-0.7,-2.24,-0.85,-1.14,-1.69,2.09,0.42,0.4,-0.35,0.6900000000000002,1.05,1.1400000000000001,1.29,-1.67,0.46,-0.24,0.6200000000000001,-0.72,-1.27,-1.8399999999999999,0.34,-1.1099999999999999,-0.94,-2.79,-2.38,-1.8499999999999999,-1.17,-2.9,-3.09,-1.1199999999999999,-2.66,-1.27,-1.5599999999999998
197708,-1.83,0.37,-0.49,-0.05,0.02,-1.82,0.03,-1.52,0.0,-0.84,0.91,-0.3,-1.16,-1.01,0.4,-1.21,-1.36,-2.72,-1.39,-3.53,1.87,-1.9,-2.49,-3.78,-4.31,-1.76,1.55,0.44,-1.63,-2.27,-0.07,-0.9299999999999999,-0.49,-0.42,-2.2600000000000002,-0.41000000000000003,-1.96,-0.44,-1.28,0.47000000000000003,-0.74,-1.5999999999999999,-1.45,-0.03999999999999998,-1.65,-1.8,-3.16,-1.8299999999999998,-3.9699999999999998,1.4300000000000002,-2.34,-2.93,-4.22,-4.75
197709,0.02,1.13,1.72,2.11,2.19,-3.44,1.26,1.03,0.22,1.63,-1.94,0.71,0.36,1.73,2.32,-0.74,0.84,0.55,0.47,1.85,-1.81,-0.26,1.79,0.85,0.38,-0.27,1.5,0.43,2.09,-0.41,0.7,1.29,1.68,1.76,-3.87,0.8300000000000001,0.6000000000000001,-0.21,1.2,-2.37,0.27999999999999997,-0.07,1.3,1.89,-1.17,0.41,0.12000000000000005,0.03999999999999998,1.4200000000000002,-2.24,-0.69,1.36,0.42,-0.04999999999999999
197710,-2.72,-2.4,-1.4,-1.51,-2.45,-4.15,-2.75,-1.47,-1.2,-4.09,-1.94,-1.7,-2.33,-3.16,-3.74,-4.8,-2.73,-3.41,-3.2,-4.06,-4.7,-3.75,-4.74,-3.15,-7.0,-4.39,1.19,0.49,-0.11,-3.21,-2.8899999999999997,-1.89,-2.0,-2.9400000000000004,-4.640000000000001,-3.24,-1.96,-1.69,-4.58,-2.4299999999999997,-2.19,-2.8200000000000003,-3.6500000000000004,-4.23,-5.29,-3.2199999999999998,-3.9000000000000004,-3.6900000000000004,-4.55,-5.19,-4.24,-5.23,-3.6399999999999997,-7.49
197711,8.21,6.46,6.18,8.41,8.52,5.6,10.28,7.07,7.65,10.03,7.03,6.96,5.95,7.37,7.34,6.96,5.32,5.73,7.14,7.22,2.95,3.41,3.5,4.71,4.51,4.0,3.68,0.5,2.14,7.710000000000001,5.96,5.68,7.91,8.02,5.1,9.78,6.57,7.15,9.53,6.53,6.46,5.45,6.87,6.84,6.46,4.82,5.23,6.64,6.72,2.45,2.91,3.0,4.21,4.01
197712,1.48,1.36,2.31,2.12,3.12,0.29,0.07,3.43,2.45,1.83,0.47,0.1,0.56,2.13,2.07,0.61,0.84,0.4,2.11,0.85,-0.59,1.42,0.05,-0.06,1.16,0.27,1.36,0.49,1.6,0.99,0.8700000000000001,1.82,1.6300000000000001,2.63,-0.2,-0.42,2.9400000000000004,1.9600000000000002,1.34,-0.020000000000000018,-0.39,0.07000000000000006,1.64,1.5799999999999998,0.12,0.35,-0.08999999999999997,1.6199999999999999,0.36,-1.08,0.9299999999999999,-0.44,-0.55,0.6699999999999999
197801,-0.08,-1.01,1.07,-1.01,-1.31,-2.37,-2.05,-0.77,-3.09,-4.39,-2.81,-4.04,-4.35,-4.01,-5.53,-4.41,-4.85,-4.69,-7.21,-6.2,-6.8,-5.87,-6.17,-5.91,-5.79,-6.0,2.28,0.49,-0.57,-0.57,-1.5,0.5800000000000001,-1.5,-1.8,-2.8600000000000003,-2.54,-1.26,-3.58,-4.88,-3.3,-4.53,-4.84,-4.5,-6.0200000000000005,-4.9,-5.34,-5.180000000000001,-7.7,-6.69,-7.29,-6.36,-6.66,-6.4,-6.28
197802,1.9,3.06,3.89,4.55,3.85,0.3,1.83,1.55,1.82,1.45,0.72,1.09,1.09,1.14,1.69,-1.32,-1.48,-1.56,-0.42,-0.07,-4.99,-1.52,-0.31,-1.62,1.8,-1.39,3.59,0.46,1.96,1.44,2.6,3.43,4.09,3.39,-0.16000000000000003,1.37,1.09,1.36,0.99,0.25999999999999995,0.6300000000000001,0.6300000000000001,0.6799999999999999,1.23,-1.78,-1.94,-2.02,-0.88,-0.53,-5.45,-1.98,-0.77,-2.08,1.34
197803,7.14,6.29,6.07,7.06,7.97,4.72,7.81,5.24,6.05,7.58,6.15,5.54,5.37,6.28,5.49,4.56,6.13,4.11,5.24,4.71,2.78,3.21,-0.51,3.78,5.62,2.85,3.44,0.53,1.45,6.609999999999999,5.76,5.54,6.529999999999999,7.4399999999999995,4.1899999999999995,7.279999999999999,4.71,5.52,7.05,5.62,5.01,4.84,5.75,4.96,4.029999999999999,5.6,3.58,4.71,4.18,2.25,2.6799999999999997,-1.04,3.25,5.09
197804,9.01,7.3,6.07,8.63,8.68,5.74,5.46,7.16,7.01,9.61,6.12,6.89,4.99,7.36,11.16,8.87,7.95,6.24,6.3,8.86,11.64,9.87,5.78,6.07,10.27,7.87,0.36,0.54,0.49,8.469999999999999,6.76,5.53,8.09,8.14,5.2,4.92,6.62,6.47,9.07,5.58,6.35,4.45,6.82,10.620000000000001,8.329999999999998,7.41,5.7,5.76,8.32,11.100000000000001,9.329999999999998,5.24,5.53,9.73
197805,6.96,5.88,4.73,7.01,8.33,6.53,4.64,2.89,5.02,6.52,4.27,3.16,3.48,4.17,6.75,4.21,2.66,3.39,5.07,6.45,0.88,0.84,0.71,2.48,7.35,1.76,4.53,0.51,2.76,6.45,5.37,4.220000000000001,6.5,7.82,6.0200000000000005,4.13,2.38,4.51,6.01,3.76,2.6500000000000004,2.9699999999999998,3.66,6.24,3.7,2.1500000000000004,2.88,4.5600000000000005,5.94,0.37,0.32999999999999996,0.19999999999999996,1.97,6.84
197806,-0.96,0.18,0.53,1.05,0.76,-2.64,-0.2,0.61,-0.1,0.18,-1.55,0.1,0.4,0.78,1.18,-1.87,-0.62,0.06,-0.02,1.19,-3.44,-1.49,-0.93,-1.14,4.3,-1.69,1.74,0.54,2.79,-1.5,-0.36000000000000004,-0.010000000000000009,0.51,0.21999999999999997,-3.18,-0.74,0.06999999999999995,-0.64,-0.36000000000000004,-2.09,-0.44000000000000006,-0.14,0.24,0.6399999999999999,-2.41,-1.1600000000000001,-0.48000000000000004,-0.56,0.6499999999999999,-3.98,-2.0300000000000002,-1.4700000000000002,-1.68,3.76
197807,3.45,3.91,2.75,5.12,7.05,5.11,3.54,6.83,5.64,8.45,2.95,3.3,3.52,5.91,7.72,5.35,4.23,7.13,7.35,11.21,4.51,4.9,5.89,9.15,15.53,5.12,0.29,0.56,4.19,2.89,3.35,2.19,4.5600000000000005,6.49,4.550000000000001,2.98,6.27,5.08,7.889999999999999,2.39,2.7399999999999998,2.96,5.35,7.16,4.789999999999999,3.6700000000000004,6.57,6.789999999999999,10.65,3.9499999999999997,4.34,5.33,8.59,14.969999999999999
197808,6.16,8.66,7.38,7.83,10.8,7.28,7.69,7.93,7.33,9.37,4.31,4.3,6.37,6.66,12.15,3.82,3.96,5.27,4.18,10.78,4.46,2.72,2.37,2.48,4.04,3.78,5.06,0.56,3.0,5.6,8.1,6.82,7.27,10.24,6.720000000000001,7.130000000000001,7.369999999999999,6.77,8.809999999999999,3.7499999999999996,3.7399999999999998,5.8100000000000005,6.1,11.59,3.26,3.4,4.709999999999999,3.6199999999999997,10.219999999999999,3.9,2.16,1.81,1.92,3.48
197809,0.79,0.88,0.81,-0.5,-0.24,-0.42,0.75,0.56,-1.63,-3.1,-0.62,-1.53,-0.39,-1.95,-3.95,0.3,-0.69,-0.4,-2.39,-1.64,1.61,-0.72,-2.68,-1.77,-7.01,-1.44,-0.49,0.62,-3.19,0.17000000000000004,0.26,0.19000000000000006,-1.12,-0.86,-1.04,0.13,-0.05999999999999994,-2.25,-3.72,-1.24,-2.15,-1.01,-2.57,-4.57,-0.32,-1.31,-1.02,-3.0100000000000002,-2.26,0.9900000000000001,-1.3399999999999999,-3.3000000000000003,-2.39,-7.63
197810,-17.26,-14.15,-16.54,-20.64,-25.6,-18.27,-12.05,-15.96,-20.07,-24.13,-12.77,-12.87,-15.46,-18.39,-21.36,-10.89,-11.02,-12.01,-15.68,-21.24,-7.89,-7.56,-10.77,-11.55,-16.12,-11.9,-9.89,0.68,-8.47,-17.94,-14.83,-17.22,-21.32,-26.28,-18.95,-12.73,-16.64,-20.75,-24.81,-13.45,-13.549999999999999,-16.14,-19.07,-22.04,-11.57,-11.7,-12.69,-16.36,-21.919999999999998,-8.57,-8.24,-11.45,-12.23,-16.8
197811,1.02,4.07,3.53,5.72,8.78,2.99,1.53,5.53,6.04,10.8,4.03,2.7,2.98,4.9,8.15,1.39,1.86,1.84,4.61,9.23,2.14,2.93,2.67,4.24,10.45,2.71,3.06,0.7,5.45,0.32000000000000006,3.37,2.83,5.02,8.08,2.29,0.8300000000000001,4.83,5.34,10.100000000000001,3.33,2.0,2.2800000000000002,4.2,7.45,0.69,1.1600000000000001,1.1400000000000001,3.91,8.530000000000001,1.4400000000000002,2.2300000000000004,1.97,3.54,9.75
197812,0.37,-0.77,1.1,2.0,2.79,1.12,1.17,1.71,2.82,3.17,0.34,0.45,1.93,2.72,3.8,0.88,-0.52,1.8,1.36,2.66,-2.88,-0.17,4.03,1.36,4.01,0.87,1.19,0.78,3.02,-0.41000000000000003,-1.55,0.32000000000000006,1.22,2.01,0.3400000000000001,0.3899999999999999,0.9299999999999999,2.04,2.3899999999999997,-0.44,-0.33,1.15,1.9400000000000002,3.0199999999999996,0.09999999999999998,-1.3,1.02,0.5800000000000001,1.8800000000000001,-3.66,-0.9500000000000001,3.25,0.5800000000000001,3.2299999999999995
197901,11.19,9.94,9.57,9.38,10.47,10.94,9.16,8.24,7.41,7.94,7.59,7.22,6.32,6.19,8.94,7.14,7.6,5.49,5.77,4.61,7.13,4.13,3.53,2.81,3.53,4.22,3.55,0.77,-1.42,10.42,9.17,8.8,8.610000000000001,9.700000000000001,10.17,8.39,7.470000000000001,6.640000000000001,7.17,6.82,6.449999999999999,5.550000000000001,5.42,8.17,6.369999999999999,6.83,4.720000000000001,5.0,3.8400000000000003,6.359999999999999,3.36,2.76,2.04,2.76
197902,-1.75,-1.27,-2.21,-1.01,-2.36,-2.12,-2.36,-0.78,-3.0,-4.53,-2.66,-1.73,-2.36,-3.0,-3.58,-1.89,-3.16,-2.71,-4.01,-3.36,-3.7,-2.29,-2.29,-2.65,-5.78,-3.56,0.44,0.73,-0.99,-2.48,-2.0,-2.94,-1.74,-3.09,-2.85,-3.09,-1.51,-3.73,-5.26,-3.39,-2.46,-3.09,-3.73,-4.3100000000000005,-2.62,-3.89,-3.44,-4.74,-4.09,-4.43,-3.02,-3.02,-3.38,-6.51
197903,8.71,6.73,6.27,8.19,9.84,8.28,6.15,8.23,10.72,11.2,7.68,5.86,8.09,10.27,12.75,7.37,5.64,8.14,9.82,10.48,5.18,2.92,6.12,6.05,7.73,5.67,3.2,0.81,2.91,7.9,5.92,5.459999999999999,7.379999999999999,9.03,7.469999999999999,5.34,7.42,9.91,10.389999999999999,6.869999999999999,5.050000000000001,7.279999999999999,9.459999999999999,11.94,6.5600000000000005,4.83,7.33,9.01,9.67,4.369999999999999,2.11,5.3100000000000005,5.24,6.92
197904,2.3,1.96,2.53,2.88,3.3,2.45,1.21,2.3,2.48,3.03,-0.01,1.95,1.57,3.4,2.26,0.4,0.14,0.89,1.16,2.76,-1.64,0.98,-0.61,1.08,0.06,-0.07,2.17,0.8,0.88,1.4999999999999998,1.16,1.7299999999999998,2.08,2.5,1.6500000000000001,0.4099999999999999,1.4999999999999998,1.68,2.2299999999999995,-0.81,1.15,0.77,2.5999999999999996,1.4599999999999997,-0.4,-0.66,0.08999999999999997,0.3599999999999999,1.9599999999999997,-2.44,0.17999999999999994,-1.4100000000000001,0.28,-0.74
197905,-1.47,-0.94,0.49,-1.99,-0.5,-2.5,-0.65,-0.53,-0.89,-3.17,-1.18,-0.89,-1.9,-1.41,-1.76,-0.46,-1.26,1.05,-0.68,-2.41,-1.32,-0.14,-0.36,-3.13,-1.49,-2.2,0.21,0.82,-0.58,-2.29,-1.7599999999999998,-0.32999999999999996,-2.81,-1.3199999999999998,-3.32,-1.47,-1.35,-1.71,-3.9899999999999998,-2.0,-1.71,-2.7199999999999998,-2.23,-2.58,-1.28,-2.08,0.2300000000000001,-1.5,-3.23,-2.14,-0.96,-1.18,-3.9499999999999997,-2.31
197906,4.66,5.78,3.88,5.7,6.53,7.13,4.19,4.72,7.4,6.03,3.62,5.69,4.66,4.88,5.92,10.24,7.05,5.74,5.3,6.68,4.11,2.28,4.83,3.72,7.22,3.84,1.13,0.81,0.76,3.85,4.970000000000001,3.07,4.890000000000001,5.720000000000001,6.32,3.3800000000000003,3.9099999999999997,6.59,5.220000000000001,2.81,4.880000000000001,3.85,4.07,5.109999999999999,9.43,6.24,4.93,4.49,5.869999999999999,3.3000000000000003,1.4699999999999998,4.02,2.91,6.41
197907,2.35,2.55,2.8,2.89,2.13,2.71,4.88,3.31,3.67,1.83,4.54,3.52,4.81,4.11,1.69,5.03,2.55,2.99,1.21,2.4,1.36,1.43,0.97,0.65,0.85,0.83,1.29,0.77,-1.07,1.58,1.7799999999999998,2.03,2.12,1.3599999999999999,1.94,4.109999999999999,2.54,2.9,1.06,3.77,2.75,4.039999999999999,3.3400000000000003,0.9199999999999999,4.26,1.7799999999999998,2.22,0.43999999999999995,1.63,0.5900000000000001,0.6599999999999999,0.19999999999999996,-0.12,0.07999999999999996
197908,9.04,6.82,7.14,5.87,8.71,9.26,8.26,5.97,6.75,7.57,8.89,7.08,7.15,6.85,7.8,7.28,7.54,6.7,6.97,7.84,8.27,5.56,3.98,6.17,7.61,5.54,1.98,0.77,-0.29,8.27,6.050000000000001,6.369999999999999,5.1,7.940000000000001,8.49,7.49,5.199999999999999,5.98,6.800000000000001,8.120000000000001,6.3100000000000005,6.380000000000001,6.08,7.029999999999999,6.51,6.77,5.93,6.199999999999999,7.07,7.5,4.789999999999999,3.21,5.4,6.84
197909,-3.19,0.31,-1.21,0.69,0.94,-1.65,-0.95,-0.58,-0.24,1.27,-3.66,0.37,-1.54,-0.35,2.47,-2.09,-0.91,-1.14,-1.29,1.01,-3.66,-2.29,-0.85,2.33,4.72,-0.83,-0.26,0.83,5.28,-4.02,-0.52,-2.04,-0.14,0.10999999999999999,-2.48,-1.7799999999999998,-1.41,-1.0699999999999998,0.44000000000000006,-4.49,-0.45999999999999996,-2.37,-1.18,1.6400000000000001,-2.92,-1.74,-1.9699999999999998,-2.12,0.18000000000000005,-4.49,-3.12,-1.68,1.5,3.8899999999999997
197910,-12.06,-9.43,-9.55,-10.23,-11.06,-11.35,-10.79,-11.03,-11.28,-9.77,-12.45,-9.56,-8.15,-8.93,-8.19,-10.36,-8.66,-8.57,-8.89,-7.52,-7.17,-7.21,-7.08,-5.6,-3.2,-8.1,-3.38,0.87,2.06,-12.93,-10.299999999999999,-10.42,-11.1,-11.93,-12.219999999999999,-11.659999999999998,-11.899999999999999,-12.149999999999999,-10.639999999999999,-13.319999999999999,-10.43,-9.02,-9.799999999999999,-9.059999999999999,-11.229999999999999,-9.53,-9.44,-9.76,-8.389999999999999,-8.04,-8.08,-7.95,-6.47,-4.07
197911,3.14,4.0,7.37,7.31,13.41,3.83,4.14,6.06,10.14,12.88,3.16,4.42,6.78,10.67,12.57,3.87,6.23,5.45,8.91,14.23,3.63,1.76,5.36,9.5,10.49,5.22,2.81,0.99,8.06,2.1500000000000004,3.01,6.38,6.319999999999999,12.42,2.84,3.1499999999999995,5.069999999999999,9.15,11.89,2.17,3.4299999999999997,5.79,9.68,11.58,2.88,5.24,4.46,7.92,13.24,2.6399999999999997,0.77,4.37,8.51,9.5
197912,5.35,4.72,6.17,7.85,10.26,4.17,3.34,4.02,7.07,11.37,1.37,1.41,4.25,3.99,9.06,1.52,1.09,2.44,4.94,5.14,-0.31,1.45,2.41,1.79,4.45,1.78,4.13,0.95,4.73,4.3999999999999995,3.7699999999999996,5.22,6.8999999999999995,9.31,3.2199999999999998,2.3899999999999997,3.0699999999999994,6.12,10.42,0.42000000000000015,0.45999999999999996,3.3,3.04,8.110000000000001,0.5700000000000001,0.14000000000000012,1.49,3.99,4.1899999999999995,-1.26,0.5,1.4600000000000002,0.8400000000000001,3.5
198001,8.42,7.81,7.35,12.36,13.19,5.06,4.74,6.87,7.17,9.23,3.98,2.72,4.91,7.04,11.05,2.7,0.68,2.73,8.8,10.55,1.65,1.64,6.65,9.63,13.7,5.5,1.62,0.8,7.46,7.62,7.01,6.55,11.559999999999999,12.389999999999999,4.26,3.9400000000000004,6.07,6.37,8.43,3.1799999999999997,1.9200000000000002,4.11,6.24,10.25,1.9000000000000001,-0.12,1.93,8.0,9.75,0.8499999999999999,0.8399999999999999,5.8500000000000005,8.83,12.899999999999999
198002,-3.47,-2.98,-1.48,-1.78,1.72,-4.0,-3.98,-4.39,-3.72,0.41,-6.2,-4.09,-5.22,-2.0,1.15,-5.73,-6.78,-3.13,-2.43,1.41,-3.74,-5.22,-2.83,4.38,8.45,-1.23,-1.86,0.89,7.91,-4.36,-3.87,-2.37,-2.67,0.83,-4.89,-4.87,-5.279999999999999,-4.61,-0.48000000000000004,-7.09,-4.9799999999999995,-6.109999999999999,-2.89,0.2599999999999999,-6.62,-7.67,-4.02,-3.3200000000000003,0.5199999999999999,-4.63,-6.109999999999999,-3.72,3.4899999999999998,7.56
198003,-17.51,-14.34,-15.43,-18.62,-22.34,-12.44,-13.2,-14.96,-18.87,-20.6,-7.64,-12.19,-14.66,-16.96,-21.24,-5.88,-7.44,-9.81,-14.51,-18.51,-4.42,-3.45,-8.46,-12.91,-17.93,-12.9,-6.7,1.21,-9.59,-18.720000000000002,-15.55,-16.64,-19.830000000000002,-23.55,-13.649999999999999,-14.41,-16.17,-20.080000000000002,-21.810000000000002,-8.85,-13.399999999999999,-15.870000000000001,-18.17,-22.45,-7.09,-8.65,-11.02,-15.719999999999999,-19.720000000000002,-5.63,-4.66,-9.670000000000002,-14.120000000000001,-19.14
198004,5.87,6.23,4.27,6.18,6.94,7.13,5.24,6.04,6.52,8.34,7.73,5.44,5.92,7.3,8.31,10.92,7.72,4.4,4.87,6.18,5.47,4.81,1.84,2.94,5.64,3.95,1.05,1.26,-0.5,4.61,4.970000000000001,3.01,4.92,5.680000000000001,5.87,3.9800000000000004,4.78,5.26,7.08,6.470000000000001,4.180000000000001,4.66,6.04,7.050000000000001,9.66,6.46,3.1400000000000006,3.6100000000000003,4.92,4.21,3.55,0.5800000000000001,1.68,4.38
198005,8.17,8.17,6.54,6.76,6.49,10.33,8.16,8.54,8.32,7.6,10.51,8.03,9.45,7.37,8.22,7.81,8.3,7.87,8.63,6.8,3.65,5.22,6.28,7.11,3.86,5.26,2.05,0.81,-1.18,7.359999999999999,7.359999999999999,5.73,5.949999999999999,5.68,9.52,7.35,7.729999999999999,7.51,6.789999999999999,9.7,7.219999999999999,8.639999999999999,6.5600000000000005,7.41,7.0,7.49,7.0600000000000005,7.82,5.99,2.84,4.41,5.470000000000001,6.300000000000001,3.05
198006,4.54,4.16,4.73,3.33,4.66,3.81,4.72,2.97,4.38,6.43,1.56,4.69,3.04,4.02,7.35,3.4,4.01,5.58,4.31,7.97,3.69,1.28,0.9,2.99,4.74,2.98,1.66,0.61,1.58,3.93,3.5500000000000003,4.12,2.72,4.05,3.2,4.109999999999999,2.3600000000000003,3.77,5.819999999999999,0.9500000000000001,4.08,2.43,3.4099999999999997,6.739999999999999,2.79,3.4,4.97,3.6999999999999997,7.359999999999999,3.08,0.67,0.29000000000000004,2.3800000000000003,4.13
198007,9.53,7.7,8.44,10.45,11.73,9.83,9.41,9.15,13.09,12.09,7.62,7.63,5.46,9.0,13.37,5.7,7.03,6.92,8.45,10.05,11.02,6.91,4.17,7.84,4.82,6.51,4.1,0.53,0.32,9.0,7.17,7.909999999999999,9.92,11.200000000000001,9.3,8.88,8.620000000000001,12.56,11.56,7.09,7.1,4.93,8.47,12.84,5.17,6.5,6.39,7.919999999999999,9.520000000000001,10.49,6.38,3.6399999999999997,7.31,4.29
198008,6.25,4.49,7.22,8.02,11.1,3.65,3.96,2.34,6.53,9.67,5.02,2.26,2.17,3.92,7.84,1.86,0.63,-0.3,3.42,5.19,1.43,0.8,0.65,1.0,2.72,1.75,3.9,0.64,3.08,5.61,3.85,6.58,7.38,10.459999999999999,3.01,3.32,1.6999999999999997,5.890000000000001,9.03,4.38,1.6199999999999997,1.5299999999999998,3.28,7.2,1.2200000000000002,-0.010000000000000009,-0.94,2.78,4.550000000000001,0.7899999999999999,0.16000000000000003,0.010000000000000009,0.36,2.08
198009,2.99,3.1,1.84,3.18,5.33,1.07,1.09,3.52,3.8,6.5,-0.29,0.88,0.62,5.2,5.57,-1.87,2.07,0.44,3.83,7.67,-0.7,-1.47,0.74,3.84,7.31,2.19,0.96,0.75,5.44,2.24,2.35,1.09,2.43,4.58,0.32000000000000006,0.3400000000000001,2.77,3.05,5.75,-1.04,0.13,-0.13,4.45,4.82,-2.62,1.3199999999999998,-0.31,3.08,6.92,-1.45,-2.2199999999999998,-0.010000000000000009,3.09,6.56
198010,2.06,1.58,3.3,4.6,9.27,-1.17,-0.51,1.58,2.58,8.62,-1.92,-0.12,0.38,3.5,4.89,-1.6,-0.44,0.83,1.55,3.9,-4.51,1.25,-2.09,4.51,5.06,1.04,2.39,0.95,7.14,1.11,0.6300000000000001,2.3499999999999996,3.6499999999999995,8.32,-2.12,-1.46,0.6300000000000001,1.6300000000000001,7.669999999999999,-2.87,-1.0699999999999998,-0.57,2.55,3.9399999999999995,-2.55,-1.39,-0.12,0.6000000000000001,2.95,-5.46,0.30000000000000004,-3.04,3.5599999999999996,4.109999999999999
198011,1.43,1.43,4.56,5.93,12.22,2.82,4.02,5.98,7.09,13.06,-0.1,1.12,3.72,6.52,15.23,0.8,2.5,6.37,9.13,18.15,-0.89,3.5,12.91,16.58,22.33,9.6,-3.27,0.96,15.19,0.47,0.47,3.5999999999999996,4.97,11.260000000000002,1.8599999999999999,3.0599999999999996,5.0200000000000005,6.13,12.100000000000001,-1.06,0.16000000000000014,2.7600000000000002,5.56,14.27,-0.15999999999999992,1.54,5.41,8.170000000000002,17.189999999999998,-1.85,2.54,11.95,15.619999999999997,21.369999999999997
198012,-3.18,-2.54,-3.07,-3.03,-5.44,-1.81,0.14,-1.68,-2.9,-4.85,-0.06,-1.65,-1.36,-2.15,-4.39,1.97,0.74,-1.82,-3.38,-4.43,3.3,1.91,-0.57,-7.07,-9.07,-4.46,-0.28,1.31,-6.69,-4.49,-3.85,-4.38,-4.34,-6.75,-3.12,-1.17,-2.99,-4.21,-6.16,-1.37,-2.96,-2.67,-3.46,-5.699999999999999,0.6599999999999999,-0.5700000000000001,-3.13,-4.6899999999999995,-5.74,1.9899999999999998,0.5999999999999999,-1.88,-8.38,-10.38
198101,3.1,4.07,2.62,0.45,-2.46,0.8,2.87,0.42,-0.51,-5.23,2.32,3.07,-0.25,-3.18,-3.42,-0.25,1.23,0.73,-3.75,-7.86,-0.72,1.17,-3.33,-5.5,-10.77,-5.06,2.91,1.04,-7.9,2.06,3.0300000000000002,1.58,-0.5900000000000001,-3.5,-0.24,1.83,-0.6200000000000001,-1.55,-6.2700000000000005,1.2799999999999998,2.03,-1.29,-4.220000000000001,-4.46,-1.29,0.18999999999999995,-0.31000000000000005,-4.79,-8.9,-1.76,0.1299999999999999,-4.37,-6.54,-11.809999999999999
198102,0.48,0.85,0.25,-0.58,-1.56,1.61,2.11,2.2,1.62,0.15,2.49,2.64,2.24,2.8,0.54,1.38,2.09,2.44,4.35,1.21,4.29,1.78,2.72,1.12,1.36,0.61,-0.47,1.07,-1.38,-0.5900000000000001,-0.22000000000000008,-0.8200000000000001,-1.65,-2.63,0.54,1.0399999999999998,1.1300000000000001,0.55,-0.92,1.4200000000000002,1.57,1.1700000000000002,1.7299999999999998,-0.53,0.30999999999999983,1.0199999999999998,1.3699999999999999,3.2799999999999994,0.1399999999999999,3.2199999999999998,0.71,1.6500000000000001,0.050000000000000044,0.29000000000000004
198103,6.82,8.0,6.67,7.07,7.62,7.51,8.23,6.52,7.93,9.23,8.43,9.16,8.85,7.24,7.87,17.07,8.11,8.09,6.99,9.23,4.24,2.26,0.96,2.58,6.17,3.67,3.34,1.21,0.83,5.61,6.79,5.46,5.86,6.41,6.3,7.0200000000000005,5.31,6.72,8.02,7.22,7.95,7.64,6.03,6.66,15.86,6.8999999999999995,6.88,5.78,8.02,3.0300000000000002,1.0499999999999998,-0.25,1.37,4.96
198104,1.89,3.38,4.34,3.1,3.54,-0.83,2.75,3.21,3.9,2.52,2.01,2.22,2.8,2.61,3.69,-1.6,0.77,-0.58,0.0,0.41,-0.63,-0.29,-3.3,-3.9,-4.9,-2.16,4.5,1.08,-1.08,0.8099999999999998,2.3,3.26,2.02,2.46,-1.9100000000000001,1.67,2.13,2.82,1.44,0.9299999999999997,1.1400000000000001,1.7199999999999998,1.5299999999999998,2.61,-2.68,-0.31000000000000005,-1.6600000000000001,-1.08,-0.6700000000000002,-1.71,-1.37,-4.38,-4.98,-5.98
198105,0.99,1.33,2.76,2.4,4.33,0.7,0.26,2.81,2.24,5.81,-0.1,1.69,0.76,3.98,6.42,2.84,0.06,2.41,1.7,4.91,1.41,-0.53,0.55,-0.68,2.63,0.13,1.94,1.15,3.55,-0.15999999999999992,0.18000000000000016,1.6099999999999999,1.25,3.18,-0.44999999999999996,-0.8899999999999999,1.6600000000000001,1.0900000000000003,4.66,-1.25,0.54,-0.3899999999999999,2.83,5.27,1.69,-1.0899999999999999,1.2600000000000002,0.55,3.7600000000000002,0.26,-1.68,-0.5999999999999999,-1.83,1.48
198106,-0.63,1.91,0.09,-0.27,-2.15,-0.64,-0.17,-1.33,-0.54,-3.03,1.66,-0.01,-0.82,0.5,-5.18,2.62,-0.53,-0.68,-2.54,-6.66,4.34,0.7,-1.41,-2.99,-8.83,-2.34,-0.83,1.35,-5.69,-1.98,0.5599999999999998,-1.26,-1.62,-3.5,-1.9900000000000002,-1.52,-2.68,-1.8900000000000001,-4.38,0.30999999999999983,-1.36,-2.17,-0.8500000000000001,-6.529999999999999,1.27,-1.8800000000000001,-2.0300000000000002,-3.89,-8.01,2.9899999999999998,-0.6500000000000001,-2.76,-4.34,-10.18
198107,-1.7,-2.05,-3.03,-2.72,-3.65,-1.94,-1.59,-0.97,-2.8,-2.49,-1.4,-1.35,-1.36,-2.58,-2.58,0.46,-0.34,-1.23,-2.13,-1.6,5.47,0.88,-2.61,-1.46,-1.36,-1.55,-2.07,1.24,-2.45,-2.94,-3.29,-4.27,-3.96,-4.89,-3.1799999999999997,-2.83,-2.21,-4.04,-3.7300000000000004,-2.6399999999999997,-2.59,-2.6,-3.8200000000000003,-3.8200000000000003,-0.78,-1.58,-2.4699999999999998,-3.37,-2.84,4.2299999999999995,-0.36,-3.8499999999999996,-2.7,-2.6
198108,-9.5,-4.4,-6.65,-7.35,-9.49,-8.35,-6.1,-6.45,-4.36,-9.89,-4.82,-4.2,-6.69,-6.02,-8.08,-7.28,-2.49,-4.11,-5.98,-6.31,-5.3,-4.45,-5.31,-6.89,-6.07,-7.02,-1.95,1.28,-1.09,-10.78,-5.680000000000001,-7.930000000000001,-8.629999999999999,-10.77,-9.629999999999999,-7.38,-7.73,-5.640000000000001,-11.17,-6.1000000000000005,-5.48,-7.970000000000001,-7.3,-9.36,-8.56,-3.7700000000000005,-5.390000000000001,-7.260000000000001,-7.59,-6.58,-5.73,-6.59,-8.17,-7.3500000000000005
198109,-10.19,-9.11,-7.95,-6.9,-8.3,-12.04,-6.6,-6.41,-6.88,-5.24,-9.69,-5.31,-6.0,-4.44,-6.76,-5.91,-5.98,-5.81,-5.44,-5.41,-7.74,-5.65,-4.04,-5.32,-7.21,-7.19,-2.68,1.24,2.13,-11.43,-10.35,-9.19,-8.14,-9.540000000000001,-13.28,-7.84,-7.65,-8.12,-6.48,-10.93,-6.55,-7.24,-5.680000000000001,-8.0,-7.15,-7.220000000000001,-7.05,-6.680000000000001,-6.65,-8.98,-6.890000000000001,-5.28,-6.5600000000000005,-8.45
198110,7.59,6.41,8.25,7.37,9.63,5.04,5.65,8.19,6.64,11.38,3.26,2.64,6.11,8.11,10.52,2.76,7.6,5.45,6.53,7.45,5.84,3.12,5.52,6.2,10.26,4.92,2.13,1.21,3.93,6.38,5.2,7.04,6.16,8.420000000000002,3.83,4.44,6.9799999999999995,5.43,10.170000000000002,2.05,1.4300000000000002,4.9,6.8999999999999995,9.309999999999999,1.5499999999999998,6.39,4.24,5.32,6.24,4.63,1.9100000000000001,4.31,4.99,9.05
198111,0.04,2.64,3.12,3.66,3.5,2.97,1.86,5.34,5.43,3.92,3.54,2.83,4.51,3.91,1.23,6.03,6.64,4.79,5.3,3.72,5.07,7.44,4.09,3.94,2.85,3.4,-1.09,1.07,-0.2,-1.03,1.57,2.05,2.59,2.4299999999999997,1.9000000000000001,0.79,4.27,4.359999999999999,2.8499999999999996,2.4699999999999998,1.76,3.4399999999999995,2.84,0.15999999999999992,4.96,5.569999999999999,3.7199999999999998,4.2299999999999995,2.6500000000000004,4.0,6.37,3.0199999999999996,2.87,1.78
198112,-4.93,-0.92,0.54,-0.05,-1.08,-4.31,-1.51,-0.88,0.61,-1.36,-3.16,-0.52,-1.19,-1.84,-3.2,-5.44,-1.74,-1.35,-1.91,-3.1,-4.64,-2.57,-2.65,-3.9,-2.2,-3.63,1.18,0.87,1.27,-5.8,-1.79,-0.32999999999999996,-0.92,-1.9500000000000002,-5.18,-2.38,-1.75,-0.26,-2.23,-4.03,-1.3900000000000001,-2.06,-2.71,-4.07,-6.3100000000000005,-2.61,-2.22,-2.78,-3.97,-5.51,-3.44,-3.52,-4.77,-3.0700000000000003
198201,-2.54,-0.79,-0.86,-0.75,-1.64,-3.43,-3.33,-3.96,-2.75,-3.7,-6.11,-5.29,-3.09,-2.72,-3.24,-7.28,-7.01,-3.2,-1.7,-4.01,-5.89,-1.6,-1.48,0.31,0.54,-3.23,-1.25,0.8,1.76,-3.34,-1.59,-1.6600000000000001,-1.55,-2.44,-4.23,-4.13,-4.76,-3.55,-4.5,-6.91,-6.09,-3.8899999999999997,-3.5200000000000005,-4.04,-8.08,-7.81,-4.0,-2.5,-4.81,-6.6899999999999995,-2.4000000000000004,-2.2800000000000002,-0.49000000000000005,-0.26
198202,-7.86,-3.71,-2.96,-2.39,-2.91,-9.14,-5.14,-4.07,-2.38,-3.28,-7.03,-6.15,-4.28,-1.04,-2.09,-7.16,-6.11,-4.0,-0.98,-3.0,-10.14,-5.92,-5.68,-3.13,-2.08,-5.86,0.46,0.92,4.87,-8.780000000000001,-4.63,-3.88,-3.31,-3.83,-10.06,-6.06,-4.99,-3.3,-4.2,-7.95,-7.07,-5.2,-1.96,-3.01,-8.08,-7.03,-4.92,-1.9,-3.92,-11.06,-6.84,-6.6,-4.05,-3.0
198203,-2.86,-0.73,-0.04,-0.14,0.13,-4.53,-1.43,0.4,-0.27,-0.68,-0.8,-1.49,-0.07,0.2,1.04,-3.9,-2.18,-1.9,1.0,1.35,-3.03,-1.09,-1.86,0.92,1.01,-1.82,-0.19,0.98,2.91,-3.84,-1.71,-1.02,-1.12,-0.85,-5.51,-2.41,-0.58,-1.25,-1.6600000000000001,-1.78,-2.4699999999999998,-1.05,-0.78,0.06000000000000005,-4.88,-3.16,-2.88,0.020000000000000018,0.3700000000000001,-4.01,-2.0700000000000003,-2.84,-0.05999999999999994,0.030000000000000027
198204,4.65,5.59,6.03,3.91,4.3,5.27,8.55,5.44,5.88,6.29,3.47,4.43,5.7,5.29,5.43,2.85,5.9,5.71,4.24,6.46,6.03,3.8,3.18,5.3,2.08,3.24,1.64,1.13,-0.46,3.5200000000000005,4.46,4.9,2.7800000000000002,3.17,4.14,7.420000000000001,4.3100000000000005,4.75,5.16,2.3400000000000003,3.3,4.57,4.16,4.3,1.7200000000000002,4.7700000000000005,4.58,3.1100000000000003,5.33,4.9,2.67,2.0500000000000003,4.17,0.9500000000000002
198205,-3.64,-2.39,-0.76,-1.4,-1.27,-6.48,-3.5,-2.94,-1.88,-1.14,-4.18,-5.34,-3.0,-1.71,-1.68,-5.66,-6.31,-3.41,-4.31,-2.56,-6.04,-1.31,-1.49,-2.88,-2.54,-3.93,0.17,1.06,2.51,-4.7,-3.45,-1.82,-2.46,-2.33,-7.540000000000001,-4.5600000000000005,-4.0,-2.94,-2.2,-5.24,-6.4,-4.0600000000000005,-2.77,-2.74,-6.720000000000001,-7.369999999999999,-4.470000000000001,-5.369999999999999,-3.62,-7.1,-2.37,-2.55,-3.94,-3.6
198206,-7.28,-2.69,-2.07,-1.7,-0.8,-7.63,-2.97,-2.05,-0.61,-1.22,-6.28,-3.28,-3.35,-1.35,0.85,-8.33,-2.49,-2.63,-2.2,0.48,-6.04,-1.22,-4.05,-0.71,0.69,-3.08,-0.43,0.96,4.88,-8.24,-3.65,-3.03,-2.66,-1.76,-8.59,-3.93,-3.01,-1.5699999999999998,-2.1799999999999997,-7.24,-4.24,-4.3100000000000005,-2.31,-0.10999999999999999,-9.29,-3.45,-3.59,-3.16,-0.48,-7.0,-2.1799999999999997,-5.01,-1.67,-0.27
198207,-4.63,-2.95,-1.16,0.39,-0.02,-4.05,-1.28,-0.93,0.18,0.41,-4.31,-3.52,-1.34,-0.15,-1.2,-5.24,-4.83,-3.48,-0.6,-0.15,-6.99,-2.98,-4.76,-1.45,1.67,-3.2,0.91,1.05,4.4,-5.68,-4.0,-2.21,-0.66,-1.07,-5.1,-2.33,-1.98,-0.8700000000000001,-0.6400000000000001,-5.359999999999999,-4.57,-2.39,-1.2,-2.25,-6.29,-5.88,-4.53,-1.65,-1.2,-8.040000000000001,-4.03,-5.81,-2.5,0.6199999999999999
198208,8.14,6.33,4.72,4.52,4.44,11.18,9.31,6.86,6.77,8.07,12.06,11.4,11.81,10.04,9.78,15.4,16.19,11.89,11.12,9.8,16.13,14.82,13.89,11.6,10.76,11.23,-4.28,0.76,-3.56,7.380000000000001,5.57,3.96,3.76,3.6800000000000006,10.42,8.55,6.1000000000000005,6.01,7.3100000000000005,11.3,10.64,11.05,9.28,9.02,14.64,15.430000000000001,11.13,10.36,9.040000000000001,15.37,14.06,13.13,10.84,10.0
198209,-2.5,2.98,4.93,6.62,6.48,-1.99,3.41,5.52,5.61,6.42,-1.5,4.08,4.05,4.87,5.44,-0.09,4.47,2.06,3.82,4.09,-0.88,2.06,0.66,0.11,2.43,1.31,2.87,0.51,4.14,-3.01,2.4699999999999998,4.42,6.11,5.970000000000001,-2.5,2.9000000000000004,5.01,5.1000000000000005,5.91,-2.01,3.5700000000000003,3.54,4.36,4.930000000000001,-0.6,3.96,1.55,3.3099999999999996,3.58,-1.3900000000000001,1.55,0.15000000000000002,-0.4,1.9200000000000002
198210,13.96,11.53,12.5,12.6,16.07,12.31,12.64,12.22,12.93,16.66,14.45,13.1,13.96,13.0,14.66,13.94,15.01,15.03,12.76,11.25,11.88,11.43,10.99,10.67,10.41,11.3,2.38,0.59,0.0,13.370000000000001,10.94,11.91,12.01,15.48,11.72,12.05,11.63,12.34,16.07,13.86,12.51,13.370000000000001,12.41,14.07,13.35,14.42,14.44,12.17,10.66,11.290000000000001,10.84,10.4,10.08,9.82
198211,4.88,11.4,11.1,10.36,11.85,4.52,7.69,8.83,9.39,10.53,2.53,8.48,9.64,6.73,10.37,3.14,5.06,8.05,5.53,10.29,4.33,-1.22,3.24,5.66,7.38,4.68,4.63,0.63,5.91,4.25,10.77,10.469999999999999,9.729999999999999,11.219999999999999,3.8899999999999997,7.0600000000000005,8.2,8.76,9.899999999999999,1.9,7.8500000000000005,9.01,6.1000000000000005,9.739999999999998,2.5100000000000002,4.43,7.420000000000001,4.9,9.659999999999998,3.7,-1.85,2.6100000000000003,5.03,6.75
198212,0.71,1.68,2.59,1.67,2.9,0.03,0.12,1.03,1.63,1.81,-1.6,-1.09,1.04,2.28,1.56,3.07,-1.56,2.48,3.47,1.38,4.72,0.84,0.17,-0.03,1.85,0.56,-0.31,0.67,0.0,0.039999999999999925,1.0099999999999998,1.92,0.9999999999999999,2.23,-0.64,-0.55,0.36,0.9599999999999999,1.1400000000000001,-2.27,-1.7600000000000002,0.37,1.6099999999999999,0.89,2.4,-2.23,1.81,2.8000000000000003,0.7099999999999999,4.05,0.16999999999999993,-0.5,-0.7000000000000001,1.1800000000000002
198301,12.84,9.98,7.28,7.85,11.5,8.88,7.08,5.0,6.46,7.22,7.56,4.69,3.28,4.23,5.33,5.77,7.01,2.96,1.35,0.11,4.19,6.8,2.18,1.53,3.5,3.59,2.82,0.69,-1.64,12.15,9.290000000000001,6.59,7.16,10.81,8.190000000000001,6.390000000000001,4.3100000000000005,5.77,6.529999999999999,6.869999999999999,4.0,2.59,3.5400000000000005,4.640000000000001,5.08,6.32,2.27,0.6600000000000001,-0.58,3.5000000000000004,6.109999999999999,1.4900000000000002,0.8400000000000001,2.81
198302,1.36,5.32,6.02,7.1,7.3,1.21,4.73,4.66,6.57,6.65,-0.04,5.74,5.21,3.32,7.08,-1.13,2.79,3.52,4.07,8.15,1.16,0.94,2.46,4.06,4.23,2.59,3.18,0.62,3.71,0.7400000000000001,4.7,5.3999999999999995,6.4799999999999995,6.68,0.59,4.11,4.04,5.95,6.03,-0.66,5.12,4.59,2.6999999999999997,6.46,-1.75,2.17,2.9,3.45,7.53,0.5399999999999999,0.31999999999999995,1.8399999999999999,3.4399999999999995,3.6100000000000003
198303,3.21,4.7,4.73,5.36,5.65,2.8,5.15,5.02,5.07,5.12,2.31,4.15,3.63,5.22,4.31,1.77,3.59,2.42,6.68,4.84,3.87,4.19,1.91,2.19,3.11,2.81,1.75,0.63,0.88,2.58,4.07,4.1000000000000005,4.73,5.0200000000000005,2.17,4.5200000000000005,4.39,4.44,4.49,1.6800000000000002,3.5200000000000005,3.0,4.59,3.6799999999999997,1.1400000000000001,2.96,1.79,6.05,4.21,3.24,3.5600000000000005,1.2799999999999998,1.56,2.48
198304,7.14,6.12,7.32,8.11,9.39,7.53,7.69,7.71,8.42,8.56,5.15,4.19,5.7,6.81,8.63,7.46,7.03,4.65,4.28,9.68,8.63,7.18,5.58,9.5,5.63,6.66,0.46,0.71,1.64,6.43,5.41,6.61,7.3999999999999995,8.68,6.82,6.98,7.0,7.71,7.8500000000000005,4.44,3.4800000000000004,4.99,6.1,7.920000000000001,6.75,6.32,3.9400000000000004,3.5700000000000003,8.969999999999999,7.920000000000001,6.47,4.87,8.79,4.92
198305,12.84,7.41,9.13,8.65,9.99,9.15,4.47,3.18,3.94,7.46,7.63,3.91,3.51,2.85,5.24,8.17,5.05,3.2,0.79,3.6,1.35,-1.6,-1.95,-1.68,-0.55,0.51,6.2,0.69,-1.56,12.15,6.720000000000001,8.440000000000001,7.960000000000001,9.3,8.46,3.78,2.49,3.25,6.77,6.9399999999999995,3.22,2.82,2.16,4.550000000000001,7.48,4.359999999999999,2.5100000000000002,0.10000000000000009,2.91,0.6600000000000001,-2.29,-2.6399999999999997,-2.37,-1.24
198306,3.7,4.57,4.39,3.99,4.14,4.26,2.3,2.53,5.35,5.28,3.37,1.21,4.48,2.62,6.86,4.9,1.91,2.02,5.77,4.56,5.15,1.51,3.08,4.78,5.33,3.07,0.93,0.67,1.86,3.0300000000000002,3.9000000000000004,3.7199999999999998,3.3200000000000003,3.4699999999999998,3.59,1.63,1.8599999999999999,4.68,4.61,2.7,0.5399999999999999,3.8100000000000005,1.9500000000000002,6.19,4.23,1.2399999999999998,1.35,5.1,3.8899999999999997,4.48,0.84,2.41,4.11,4.66
198307,-1.05,-1.52,0.94,-2.47,-3.97,-0.45,-1.45,-2.54,-1.08,-5.6,1.01,-0.93,-0.96,-2.62,-4.31,-2.39,-1.19,-3.49,-1.31,-6.42,-2.28,-3.59,-4.17,-2.84,-7.24,-4.06,1.5,0.74,-3.08,-1.79,-2.26,0.19999999999999996,-3.21,-4.71,-1.19,-2.19,-3.2800000000000002,-1.82,-6.34,0.27,-1.67,-1.7,-3.3600000000000003,-5.05,-3.13,-1.93,-4.23,-2.05,-7.16,-3.0199999999999996,-4.33,-4.91,-3.58,-7.98
198308,-2.56,-2.0,-2.88,-2.95,-5.59,-0.8,-1.39,-0.87,-3.36,-4.93,0.93,-0.67,-2.88,-2.15,-4.25,3.07,1.34,1.68,-2.6,-6.06,2.87,3.88,2.03,-0.31,-3.98,-0.5,-4.29,0.76,-5.36,-3.3200000000000003,-2.76,-3.6399999999999997,-3.71,-6.35,-1.56,-2.15,-1.63,-4.12,-5.6899999999999995,0.17000000000000004,-1.4300000000000002,-3.6399999999999997,-2.91,-5.01,2.3099999999999996,0.5800000000000001,0.9199999999999999,-3.3600000000000003,-6.819999999999999,2.1100000000000003,3.12,1.2699999999999998,-1.07,-4.74
198309,-2.88,1.07,1.41,0.26,0.78,-0.97,1.35,3.99,4.03,2.01,4.16,4.13,4.11,3.37,4.01,4.02,3.14,2.99,0.75,3.0,2.29,-0.36,1.57,1.91,1.37,0.92,0.61,0.76,-0.01,-3.6399999999999997,0.31000000000000005,0.6499999999999999,-0.5,0.020000000000000018,-1.73,0.5900000000000001,3.2300000000000004,3.2700000000000005,1.2499999999999998,3.4000000000000004,3.37,3.3500000000000005,2.6100000000000003,3.25,3.26,2.38,2.2300000000000004,-0.010000000000000009,2.24,1.53,-1.12,0.81,1.15,0.6100000000000001
198310,-6.69,-3.84,-6.16,-4.52,-6.82,-6.05,-3.12,-4.33,-5.23,-9.52,-0.15,-0.43,-4.76,-5.56,-8.81,-0.34,-0.73,-3.22,-4.92,-9.72,1.53,-1.94,-0.15,-2.48,-4.84,-3.43,-3.55,0.76,-4.48,-7.45,-4.6,-6.92,-5.279999999999999,-7.58,-6.81,-3.88,-5.09,-5.99,-10.28,-0.91,-1.19,-5.52,-6.319999999999999,-9.57,-1.1,-1.49,-3.9800000000000004,-5.68,-10.48,0.77,-2.7,-0.91,-3.24,-5.6
198311,1.14,4.91,4.54,3.55,3.8,5.39,3.5,5.84,5.04,5.34,5.3,3.83,4.74,5.04,5.4,5.56,5.07,5.1,4.33,4.92,1.41,2.7,1.93,0.12,3.29,2.17,2.02,0.7,-0.13,0.43999999999999995,4.21,3.84,2.8499999999999996,3.0999999999999996,4.6899999999999995,2.8,5.14,4.34,4.64,4.6,3.13,4.04,4.34,4.7,4.859999999999999,4.37,4.3999999999999995,3.63,4.22,0.71,2.0,1.23,-0.58,2.59
198312,-4.29,-1.2,0.67,-0.94,-2.04,-2.33,-1.49,0.65,-0.39,0.0,-1.79,-1.98,-1.2,-1.08,-3.56,0.12,-1.08,-2.2,-1.74,-2.62,-0.09,-1.02,-3.29,0.28,1.85,-1.77,-0.25,0.73,0.82,-5.02,-1.93,-0.05999999999999994,-1.67,-2.77,-3.06,-2.2199999999999998,-0.07999999999999996,-1.12,-0.73,-2.52,-2.71,-1.93,-1.81,-4.29,-0.61,-1.81,-2.93,-2.4699999999999998,-3.35,-0.82,-1.75,-4.02,-0.44999999999999996,1.12
198401,1.13,1.05,1.29,0.12,-0.88,0.11,-2.38,-0.97,-0.48,-2.89,-1.35,-3.08,-0.52,-3.4,-6.37,-2.76,-2.81,-2.14,-3.95,-7.41,-1.52,1.2,-0.62,0.59,-3.75,-1.92,-0.35,0.76,-2.57,0.3699999999999999,0.29000000000000004,0.53,-0.64,-1.6400000000000001,-0.65,-3.1399999999999997,-1.73,-1.24,-3.6500000000000004,-2.1100000000000003,-3.84,-1.28,-4.16,-7.13,-3.5199999999999996,-3.5700000000000003,-2.9000000000000004,-4.71,-8.17,-2.2800000000000002,0.43999999999999995,-1.38,-0.17000000000000004,-4.51
198402,-6.86,-5.3,-4.55,-4.62,-6.14,-7.28,-4.9,-4.88,-3.66,-5.42,-4.15,-4.22,-4.85,-4.7,-5.65,-6.1,-6.15,-3.8,-4.48,-6.38,-3.6,-2.71,-3.37,-3.96,-2.49,-4.77,-1.68,0.71,0.45,-7.57,-6.01,-5.26,-5.33,-6.85,-7.99,-5.61,-5.59,-4.37,-6.13,-4.86,-4.93,-5.56,-5.41,-6.36,-6.81,-6.86,-4.51,-5.19,-7.09,-4.3100000000000005,-3.42,-4.08,-4.67,-3.2
198403,-0.91,0.48,1.23,1.26,1.52,-0.13,1.59,1.05,1.34,1.96,-1.11,1.2,2.06,2.21,1.8,-0.91,2.22,2.26,2.06,2.53,1.46,2.02,1.71,0.79,1.35,0.65,0.1,0.73,1.12,-1.6400000000000001,-0.25,0.5,0.53,0.79,-0.86,0.8600000000000001,0.32000000000000006,0.6100000000000001,1.23,-1.84,0.47,1.33,1.48,1.07,-1.6400000000000001,1.4900000000000002,1.5299999999999998,1.33,1.7999999999999998,0.73,1.29,0.98,0.06000000000000005,0.6200000000000001
198404,-4.12,-1.82,0.39,-1.3,-1.15,-0.89,-1.28,0.09,0.35,1.0,-1.07,-0.73,0.94,0.53,1.17,-2.9,-3.06,-1.22,0.39,0.46,1.0,-0.19,1.49,-0.01,2.92,-0.51,-1.16,0.81,2.14,-4.93,-2.63,-0.42000000000000004,-2.1100000000000003,-1.96,-1.7000000000000002,-2.09,-0.7200000000000001,-0.4600000000000001,0.18999999999999995,-1.8800000000000001,-1.54,0.1299999999999999,-0.28,0.3599999999999999,-3.71,-3.87,-2.0300000000000002,-0.42000000000000004,-0.35000000000000003,0.18999999999999995,-1.0,0.6799999999999999,-0.8200000000000001,2.11
198405,-6.96,-5.57,-4.15,-4.37,-4.26,-5.8,-4.9,-5.35,-5.0,-4.53,-6.35,-3.59,-5.45,-4.47,-5.39,-5.61,-4.72,-3.92,-5.6,-7.42,-6.81,-4.99,-5.49,-4.28,-4.48,-5.98,0.07,0.78,1.52,-7.74,-6.3500000000000005,-4.930000000000001,-5.15,-5.04,-6.58,-5.680000000000001,-6.13,-5.78,-5.3100000000000005,-7.13,-4.37,-6.23,-5.25,-6.17,-6.390000000000001,-5.5,-4.7,-6.38,-8.2,-7.59,-5.7700000000000005,-6.2700000000000005,-5.0600000000000005,-5.260000000000001
198406,0.58,1.51,2.24,1.36,1.93,2.93,3.82,3.78,3.78,2.9,1.87,3.19,5.88,4.22,0.93,2.04,3.4,5.02,3.42,3.85,4.42,2.31,4.91,1.06,1.12,1.81,-0.24,0.75,-0.55,-0.17000000000000004,0.76,1.4900000000000002,0.6100000000000001,1.18,2.18,3.07,3.03,3.03,2.15,1.12,2.44,5.13,3.4699999999999998,0.18000000000000005,1.29,2.65,4.27,2.67,3.1,3.67,1.56,4.16,0.31000000000000005,0.3700000000000001
198407,-8.57,-5.57,-2.34,-2.17,-0.98,-6.54,-5.03,-4.06,-2.21,-1.13,-5.7,-3.87,-2.66,-2.57,-1.23,-6.8,-3.82,-4.66,-1.54,-1.95,-3.4,-0.22,0.41,-1.6,-2.57,-2.72,-2.21,0.82,2.78,-9.39,-6.390000000000001,-3.1599999999999997,-2.9899999999999998,-1.7999999999999998,-7.36,-5.8500000000000005,-4.88,-3.03,-1.9499999999999997,-6.5200000000000005,-4.69,-3.48,-3.3899999999999997,-2.05,-7.62,-4.64,-5.48,-2.36,-2.77,-4.22,-1.04,-0.41,-2.42,-3.3899999999999997
198408,11.21,9.77,9.26,7.16,6.59,16.39,12.82,13.3,8.5,7.28,15.27,15.17,12.47,10.15,10.66,14.23,13.12,13.07,11.92,10.31,17.74,12.08,12.62,10.7,7.99,10.27,-0.28,0.83,-5.6,10.38,8.94,8.43,6.33,5.76,15.56,11.99,12.47,7.67,6.45,14.44,14.34,11.64,9.32,9.83,13.4,12.29,12.24,11.09,9.48,16.91,11.25,11.79,9.87,7.16
198409,-2.38,-1.09,0.72,2.51,1.84,-3.02,-1.84,-1.25,1.49,2.51,-2.59,-1.68,0.34,1.14,1.87,0.93,-0.17,1.27,1.05,1.02,-3.08,-3.11,0.04,0.83,0.96,-0.8,0.12,0.86,3.64,-3.2399999999999998,-1.9500000000000002,-0.14,1.65,0.9800000000000001,-3.88,-2.7,-2.11,0.63,1.65,-3.4499999999999997,-2.54,-0.52,0.2799999999999999,1.0100000000000002,0.07000000000000006,-1.03,0.41000000000000003,0.19000000000000006,0.16000000000000003,-3.94,-3.9699999999999998,-0.82,-0.030000000000000027,0.09999999999999998
198410,-4.79,-1.77,-1.31,0.45,0.51,-4.19,-1.37,-2.16,0.44,0.77,-4.66,-1.46,-1.62,1.49,1.84,-3.39,-0.66,0.48,1.65,2.12,0.64,0.82,0.07,0.95,0.37,-0.84,-1.12,1.0,3.29,-5.79,-2.77,-2.31,-0.55,-0.49,-5.19,-2.37,-3.16,-0.56,-0.22999999999999998,-5.66,-2.46,-2.62,0.49,0.8400000000000001,-4.390000000000001,-1.6600000000000001,-0.52,0.6499999999999999,1.12,-0.36,-0.18000000000000005,-0.9299999999999999,-0.050000000000000044,-0.63
198411,-5.86,-2.46,-2.07,-0.57,-1.77,-4.74,-0.55,-1.83,-0.87,-1.72,-4.41,-0.29,1.0,1.24,-1.92,-1.06,-0.88,0.14,-0.41,-1.05,0.43,-0.31,-1.51,-1.58,-0.54,-1.77,-0.72,0.73,1.57,-6.59,-3.19,-2.8,-1.2999999999999998,-2.5,-5.470000000000001,-1.28,-2.56,-1.6,-2.45,-5.140000000000001,-1.02,0.27,0.51,-2.65,-1.79,-1.6099999999999999,-0.59,-1.14,-1.78,-0.3,-1.04,-2.24,-2.31,-1.27
198412,-1.11,0.47,1.53,1.43,2.25,1.36,2.65,3.47,3.54,1.67,1.49,1.83,2.85,2.85,3.25,0.84,2.26,2.03,3.03,2.97,-0.73,3.85,1.75,2.59,2.73,1.84,-0.67,0.64,1.4,-1.75,-0.17000000000000004,0.89,0.7899999999999999,1.6099999999999999,0.7200000000000001,2.01,2.83,2.9,1.0299999999999998,0.85,1.19,2.21,2.21,2.61,0.19999999999999996,1.6199999999999997,1.3899999999999997,2.3899999999999997,2.33,-1.37,3.21,1.1099999999999999,1.9499999999999997,2.09
198501,19.01,13.46,10.68,9.62,9.12,14.39,12.95,13.05,10.71,8.72,15.65,11.12,11.59,9.85,8.52,15.06,10.49,11.29,7.62,8.15,10.77,10.12,9.52,6.27,4.14,7.97,3.31,0.65,-6.77,18.360000000000003,12.81,10.03,8.969999999999999,8.469999999999999,13.74,12.299999999999999,12.4,10.06,8.07,15.0,10.469999999999999,10.94,9.2,7.869999999999999,14.41,9.84,10.639999999999999,6.97,7.5,10.12,9.469999999999999,8.87,5.619999999999999,3.4899999999999998
198502,3.05,3.82,3.48,2.2,4.32,1.6,1.91,2.8,4.15,3.13,-0.4,0.75,2.06,2.66,2.49,0.29,-1.62,1.62,1.71,2.62,-0.28,1.28,2.04,0.92,3.06,1.22,0.68,0.58,1.86,2.4699999999999998,3.2399999999999998,2.9,1.62,3.74,1.02,1.33,2.2199999999999998,3.5700000000000003,2.55,-0.98,0.17000000000000004,1.48,2.08,1.9100000000000001,-0.29,-2.2,1.04,1.13,2.04,-0.86,0.7000000000000001,1.46,0.3400000000000001,2.48
198503,-4.16,-1.45,-0.74,-0.9,0.65,-2.59,-2.93,-1.84,-0.53,-0.57,-4.02,-2.53,0.15,-0.35,-0.27,1.26,-1.75,0.57,-2.22,1.02,2.53,0.45,1.1,-0.38,-0.14,-0.83,-1.12,0.62,1.79,-4.78,-2.07,-1.3599999999999999,-1.52,0.030000000000000027,-3.21,-3.5500000000000003,-2.46,-1.15,-1.19,-4.64,-3.15,-0.47,-0.97,-0.89,0.64,-2.37,-0.050000000000000044,-2.8400000000000003,0.4,1.9099999999999997,-0.16999999999999998,0.4800000000000001,-1.0,-0.76
198504,-3.73,-1.04,-1.23,0.19,0.95,-2.39,-2.02,-1.64,0.63,0.8,-3.51,-2.15,-1.13,2.2,1.68,-1.94,-2.62,-0.66,-0.16,1.86,-2.72,0.92,-0.28,0.19,-0.74,-0.96,0.13,0.72,2.95,-4.45,-1.76,-1.95,-0.53,0.22999999999999998,-3.1100000000000003,-2.74,-2.36,-0.08999999999999997,0.08000000000000007,-4.2299999999999995,-2.87,-1.8499999999999999,1.4800000000000002,0.96,-2.66,-3.34,-1.38,-0.88,1.1400000000000001,-3.4400000000000004,0.20000000000000007,-1.0,-0.53,-1.46
198505,0.01,2.35,2.67,3.03,4.6,1.74,4.02,4.21,4.43,5.57,1.92,5.95,4.0,4.83,5.23,-1.27,6.54,6.26,6.2,6.06,1.62,4.72,5.64,8.17,7.49,5.07,-2.3,0.66,4.06,-0.65,1.69,2.01,2.3699999999999997,3.9399999999999995,1.08,3.3599999999999994,3.55,3.7699999999999996,4.91,1.2599999999999998,5.29,3.34,4.17,4.57,-1.9300000000000002,5.88,5.6,5.54,5.3999999999999995,0.9600000000000001,4.06,4.9799999999999995,7.51,6.83
198506,-2.3,0.64,2.5,2.5,2.69,-2.02,0.12,3.3,1.73,3.81,-2.36,1.59,2.3,4.28,4.07,-1.19,-0.12,1.55,3.03,4.1,2.49,1.95,0.36,2.48,2.72,1.27,0.45,0.55,3.39,-2.8499999999999996,0.08999999999999997,1.95,1.95,2.1399999999999997,-2.5700000000000003,-0.43000000000000005,2.75,1.18,3.26,-2.91,1.04,1.7499999999999998,3.7300000000000004,3.5200000000000005,-1.74,-0.67,1.0,2.4799999999999995,3.55,1.9400000000000002,1.4,-0.19000000000000006,1.93,2.17
198507,2.43,2.87,2.15,1.48,2.75,3.94,4.0,3.22,1.62,1.7,4.8,2.69,2.05,-0.85,0.81,4.17,1.77,0.95,-0.63,-2.38,6.63,1.5,0.97,-2.58,-2.87,-0.72,2.83,0.62,-3.85,1.81,2.25,1.5299999999999998,0.86,2.13,3.32,3.38,2.6,1.0,1.08,4.18,2.07,1.4299999999999997,-1.47,0.19000000000000006,3.55,1.15,0.32999999999999996,-1.25,-3.0,6.01,0.88,0.35,-3.2,-3.49
198508,-1.39,-0.31,-1.19,0.22,1.23,-1.23,-0.79,0.45,0.99,0.08,-3.08,-1.05,-1.08,-0.15,-0.16,-2.2,-0.97,-0.69,0.42,0.34,-2.69,-1.92,0.04,0.86,-0.72,-1.01,-0.3,0.55,1.78,-1.94,-0.8600000000000001,-1.74,-0.33000000000000007,0.6799999999999999,-1.78,-1.34,-0.10000000000000003,0.43999999999999995,-0.47000000000000003,-3.63,-1.6,-1.6300000000000001,-0.7000000000000001,-0.7100000000000001,-2.75,-1.52,-1.24,-0.13000000000000006,-0.21000000000000002,-3.24,-2.4699999999999998,-0.51,0.30999999999999994,-1.27
198509,-7.73,-4.88,-4.19,-4.16,-5.63,-8.51,-5.34,-4.04,-5.06,-4.98,-8.3,-4.77,-4.83,-4.09,-4.05,-7.33,-4.47,-4.13,-5.16,-5.08,-4.16,-2.72,-3.36,-2.62,-4.15,-4.51,-1.62,0.6,1.59,-8.33,-5.4799999999999995,-4.79,-4.76,-6.2299999999999995,-9.11,-5.9399999999999995,-4.64,-5.659999999999999,-5.58,-8.9,-5.369999999999999,-5.43,-4.6899999999999995,-4.6499999999999995,-7.93,-5.069999999999999,-4.7299999999999995,-5.76,-5.68,-4.76,-3.3200000000000003,-3.96,-3.22,-4.75
198510,0.1,1.86,3.23,2.3,4.73,1.15,0.83,4.78,5.42,7.18,-0.66,1.93,4.14,5.69,5.85,-0.32,3.21,4.82,5.38,8.56,0.57,4.05,4.19,5.77,5.85,4.0,-1.5,0.65,4.86,-0.55,1.21,2.58,1.65,4.08,0.4999999999999999,0.17999999999999994,4.13,4.77,6.529999999999999,-1.31,1.2799999999999998,3.4899999999999998,5.04,5.199999999999999,-0.97,2.56,4.17,4.7299999999999995,7.91,-0.08000000000000007,3.4,3.5400000000000005,5.119999999999999,5.199999999999999
198511,4.86,3.76,5.17,5.92,7.24,8.54,8.38,6.97,7.06,7.79,9.02,6.61,7.36,5.46,6.53,5.69,7.73,6.3,7.17,7.77,8.17,9.08,7.05,5.34,7.09,6.46,0.19,0.61,-0.58,4.25,3.15,4.56,5.31,6.63,7.929999999999999,7.7700000000000005,6.359999999999999,6.449999999999999,7.18,8.41,6.0,6.75,4.85,5.92,5.08,7.12,5.6899999999999995,6.56,7.159999999999999,7.56,8.47,6.4399999999999995,4.7299999999999995,6.4799999999999995
198512,2.96,3.71,4.45,6.23,4.16,3.73,4.47,5.03,3.57,3.78,4.89,4.21,4.0,3.34,4.52,4.02,4.53,2.45,4.7,4.33,5.3,7.72,3.81,4.07,3.75,3.88,-0.53,0.65,-0.23,2.31,3.06,3.8000000000000003,5.58,3.5100000000000002,3.08,3.82,4.38,2.92,3.13,4.239999999999999,3.56,3.35,2.69,3.8699999999999997,3.3699999999999997,3.8800000000000003,1.8000000000000003,4.05,3.68,4.6499999999999995,7.069999999999999,3.16,3.4200000000000004,3.1
198601,1.51,3.21,2.88,3.65,5.7,-2.22,-0.12,0.77,1.28,3.93,-1.1,0.6,2.27,1.66,3.93,-0.53,1.09,1.74,2.23,4.85,0.23,1.87,-1.23,1.0,2.39,0.65,1.15,0.56,2.96,0.95,2.65,2.32,3.09,5.140000000000001,-2.7800000000000002,-0.68,0.20999999999999996,0.72,3.37,-1.6600000000000001,0.039999999999999925,1.71,1.0999999999999999,3.37,-1.09,0.53,1.18,1.67,4.289999999999999,-0.33000000000000007,1.31,-1.79,0.43999999999999995,1.83
198602,3.93,6.46,7.17,6.66,7.24,4.96,7.1,8.22,7.14,9.75,7.03,5.02,7.11,9.05,9.14,3.72,6.71,7.0,9.49,7.61,8.15,9.95,6.07,7.95,8.94,7.14,-0.57,0.53,2.59,3.4000000000000004,5.93,6.64,6.13,6.71,4.43,6.569999999999999,7.69,6.609999999999999,9.22,6.5,4.489999999999999,6.58,8.520000000000001,8.610000000000001,3.1900000000000004,6.18,6.47,8.96,7.08,7.62,9.42,5.54,7.42,8.41
198603,3.81,4.93,4.14,5.4,5.41,2.09,5.3,5.81,7.39,4.52,3.35,5.77,5.86,5.77,5.02,1.25,4.97,5.72,6.54,6.06,-1.0,4.8,4.15,6.3,8.24,4.91,-0.54,0.6,2.4,3.21,4.33,3.5399999999999996,4.800000000000001,4.8100000000000005,1.4899999999999998,4.7,5.21,6.79,3.9199999999999995,2.75,5.17,5.260000000000001,5.17,4.42,0.65,4.37,5.12,5.94,5.46,-1.6,4.2,3.5500000000000003,5.7,7.640000000000001
198604,0.12,2.81,1.27,2.15,1.81,0.36,0.95,1.0,0.69,2.37,0.91,1.42,1.29,0.57,1.21,-1.03,-1.31,-1.89,-0.39,-0.41,-2.36,1.37,-1.66,-1.44,-3.15,-1.28,2.76,0.52,-0.34,-0.4,2.29,0.75,1.63,1.29,-0.16000000000000003,0.42999999999999994,0.48,0.16999999999999993,1.85,0.39,0.8999999999999999,0.77,0.04999999999999993,0.69,-1.55,-1.83,-2.41,-0.91,-0.9299999999999999,-2.88,0.8500000000000001,-2.1799999999999997,-1.96,-3.67
198605,2.78,2.51,3.52,3.61,5.18,2.73,3.04,1.82,3.84,5.63,5.3,2.26,4.76,5.08,6.5,3.55,4.11,4.72,5.21,6.06,7.62,2.14,4.61,5.93,8.22,4.62,-1.36,0.49,2.09,2.29,2.0199999999999996,3.0300000000000002,3.12,4.6899999999999995,2.24,2.55,1.33,3.3499999999999996,5.14,4.81,1.7699999999999998,4.27,4.59,6.01,3.0599999999999996,3.62,4.2299999999999995,4.72,5.569999999999999,7.13,1.6500000000000001,4.12,5.4399999999999995,7.73
198606,-1.61,-0.56,1.11,0.56,2.92,-4.62,-1.45,1.06,2.84,2.19,0.48,-1.77,2.42,2.19,2.8,-2.69,-0.52,1.19,1.5,3.61,-3.15,0.79,0.67,3.8,4.66,1.06,-0.93,0.52,4.95,-2.13,-1.08,0.5900000000000001,0.040000000000000036,2.4,-5.140000000000001,-1.97,0.54,2.32,1.67,-0.040000000000000036,-2.29,1.9,1.67,2.28,-3.21,-1.04,0.6699999999999999,0.98,3.09,-3.67,0.27,0.15000000000000002,3.28,4.140000000000001
198607,-9.88,-7.19,-6.05,-7.51,-8.17,-12.54,-7.3,-8.46,-5.7,-8.72,-11.83,-7.66,-5.34,-7.91,-7.88,-8.62,-6.37,-4.72,-5.52,-8.41,-9.23,-4.24,-4.96,-4.52,-5.34,-6.43,-3.43,0.52,1.9,-10.4,-7.710000000000001,-6.57,-8.03,-8.69,-13.059999999999999,-7.82,-8.98,-6.220000000000001,-9.24,-12.35,-8.18,-5.859999999999999,-8.43,-8.4,-9.139999999999999,-6.890000000000001,-5.24,-6.039999999999999,-8.93,-9.75,-4.76,-5.48,-5.039999999999999,-5.859999999999999
198608,1.05,1.89,1.85,0.66,0.42,6.52,2.91,3.6,3.52,2.73,11.04,6.19,5.45,3.66,3.56,12.84,11.88,8.09,4.7,4.31,17.61,9.25,8.07,6.36,4.46,6.07,-4.16,0.46,-5.16,0.5900000000000001,1.43,1.3900000000000001,0.2,-0.040000000000000036,6.06,2.45,3.14,3.06,2.27,10.579999999999998,5.73,4.99,3.2,3.1,12.379999999999999,11.42,7.63,4.24,3.8499999999999996,17.15,8.79,7.61,5.9,4.0
198609,-6.19,-5.53,-5.31,-5.55,-8.13,-3.98,-5.09,-5.06,-5.95,-8.11,-3.38,-5.41,-5.98,-7.4,-8.01,-3.36,-3.71,-6.78,-9.18,-9.48,1.21,-4.97,-7.73,-10.57,-11.81,-8.59,2.4,0.45,-5.69,-6.640000000000001,-5.98,-5.76,-6.0,-8.58,-4.43,-5.54,-5.51,-6.4,-8.559999999999999,-3.83,-5.86,-6.430000000000001,-7.8500000000000005,-8.459999999999999,-3.81,-4.16,-7.23,-9.629999999999999,-9.93,0.76,-5.42,-8.18,-11.02,-12.26
198610,0.66,2.34,2.7,3.02,2.72,1.55,3.84,3.59,3.89,6.05,0.64,2.25,3.48,2.77,5.46,4.31,6.16,5.39,5.95,5.98,3.77,0.86,6.19,7.28,6.76,4.64,-2.53,0.46,4.46,0.2,1.88,2.24,2.56,2.2600000000000002,1.09,3.38,3.13,3.43,5.59,0.18,1.79,3.02,2.31,5.0,3.8499999999999996,5.7,4.93,5.49,5.5200000000000005,3.31,0.39999999999999997,5.73,6.82,6.3
198611,-0.8,0.4,0.8,-1.29,-1.27,-1.57,-0.51,0.28,0.08,-1.23,1.06,-0.65,-0.15,-0.81,-0.25,1.65,1.63,1.55,1.42,0.37,-0.71,3.42,2.79,1.66,1.81,1.17,-1.87,0.39,-0.25,-1.19,0.010000000000000009,0.41000000000000003,-1.6800000000000002,-1.6600000000000001,-1.96,-0.9,-0.10999999999999999,-0.31,-1.62,0.67,-1.04,-0.54,-1.2000000000000002,-0.64,1.2599999999999998,1.2399999999999998,1.1600000000000001,1.0299999999999998,-0.020000000000000018,-1.1,3.03,2.4,1.27,1.42
198612,-3.71,-2.5,-1.96,-3.17,-5.09,-3.18,-1.88,-2.54,-1.54,-3.11,-2.96,-1.79,-2.05,-0.93,-3.38,-5.57,-2.47,-3.62,-2.8,-3.97,-4.59,-3.88,-1.93,-2.37,-2.22,-3.26,0.19,0.49,0.46,-4.2,-2.99,-2.45,-3.66,-5.58,-3.67,-2.37,-3.0300000000000002,-2.0300000000000002,-3.5999999999999996,-3.45,-2.2800000000000002,-2.54,-1.42,-3.87,-6.0600000000000005,-2.96,-4.11,-3.29,-4.46,-5.08,-4.37,-2.42,-2.8600000000000003,-2.71
198701,10.12,8.86,10.43,12.05,11.91,12.56,10.57,10.81,10.94,11.22,15.09,11.04,9.18,10.6,14.18,15.4,13.59,10.43,12.61,13.53,8.46,10.31,12.67,13.17,16.02,12.45,-1.89,0.42,2.06,9.7,8.44,10.01,11.63,11.49,12.14,10.15,10.39,10.52,10.8,14.67,10.62,8.76,10.18,13.76,14.98,13.17,10.01,12.19,13.11,8.040000000000001,9.89,12.25,12.75,15.6
198702,8.44,7.49,7.49,6.5,7.65,8.86,5.28,8.09,6.46,8.61,7.99,8.42,6.55,6.44,5.89,6.48,6.84,4.59,4.19,7.12,8.73,5.25,6.37,1.9,2.96,4.38,3.45,0.43,-2.23,8.01,7.0600000000000005,7.0600000000000005,6.07,7.220000000000001,8.43,4.8500000000000005,7.66,6.03,8.18,7.5600000000000005,7.99,6.12,6.010000000000001,5.46,6.050000000000001,6.41,4.16,3.7600000000000002,6.69,8.3,4.82,5.94,1.47,2.53
198703,0.99,2.22,2.82,2.5,3.88,1.88,1.7,2.28,2.99,3.05,0.21,1.44,1.33,1.77,1.85,-2.98,0.81,1.45,1.14,1.89,5.65,-0.68,2.02,1.58,3.63,1.63,0.5,0.47,1.66,0.52,1.7500000000000002,2.3499999999999996,2.0300000000000002,3.41,1.41,1.23,1.8099999999999998,2.5200000000000005,2.58,-0.26,0.97,0.8600000000000001,1.3,1.3800000000000001,-3.45,0.3400000000000001,0.98,0.6699999999999999,1.42,5.180000000000001,-1.15,1.55,1.11,3.16
198704,-4.19,-2.07,-2.78,-3.13,-0.54,-4.17,-3.48,-2.63,-1.76,-2.23,-1.52,-3.07,-5.0,-2.46,-2.19,-5.71,-4.75,-2.23,-2.04,0.47,-0.76,1.81,-2.55,-3.18,0.41,-2.09,-1.72,0.44,0.21,-4.630000000000001,-2.51,-3.2199999999999998,-3.57,-0.98,-4.61,-3.92,-3.07,-2.2,-2.67,-1.96,-3.51,-5.44,-2.9,-2.63,-6.15,-5.19,-2.67,-2.48,0.02999999999999997,-1.2,1.37,-2.9899999999999998,-3.62,-0.030000000000000027
198705,-0.25,-0.44,-1.21,-0.54,-0.11,0.29,-0.22,-0.38,-0.68,-0.86,0.75,-1.6,0.35,1.35,-1.04,1.26,0.4,0.78,0.78,1.66,5.82,0.23,-0.21,0.43,1.13,0.11,-0.53,0.38,-0.8,-0.63,-0.8200000000000001,-1.5899999999999999,-0.92,-0.49,-0.09000000000000002,-0.6,-0.76,-1.06,-1.24,0.37,-1.98,-0.030000000000000027,0.9700000000000001,-1.42,0.88,0.020000000000000018,0.4,0.4,1.2799999999999998,5.44,-0.15,-0.59,0.04999999999999999,0.7499999999999999
198706,0.74,2.44,2.24,2.39,1.75,2.25,4.15,3.23,4.53,3.15,4.09,4.13,5.11,2.72,1.7,4.98,3.66,4.86,4.54,2.04,4.45,6.08,4.91,4.8,4.86,3.91,-2.03,0.48,-0.22,0.26,1.96,1.7600000000000002,1.9100000000000001,1.27,1.77,3.6700000000000004,2.75,4.050000000000001,2.67,3.61,3.65,4.630000000000001,2.24,1.22,4.5,3.18,4.380000000000001,4.0600000000000005,1.56,3.97,5.6,4.43,4.32,4.380000000000001
198707,1.94,1.84,2.68,3.45,4.54,2.02,2.32,4.41,2.83,5.07,3.0,3.19,4.24,5.17,4.46,2.08,1.78,3.1,8.21,7.21,2.42,3.17,3.91,6.03,4.33,3.84,-0.57,0.46,2.58,1.48,1.3800000000000001,2.22,2.99,4.08,1.56,1.8599999999999999,3.95,2.37,4.61,2.54,2.73,3.7800000000000002,4.71,4.0,1.62,1.32,2.64,7.750000000000001,6.75,1.96,2.71,3.45,5.57,3.87
198708,0.76,1.5,3.25,2.21,1.19,5.05,3.57,3.58,2.48,3.08,3.35,4.51,5.02,2.48,2.24,5.53,5.22,3.63,2.45,2.62,5.87,5.95,3.07,4.51,4.32,3.52,-0.85,0.47,-0.95,0.29000000000000004,1.03,2.7800000000000002,1.74,0.72,4.58,3.0999999999999996,3.1100000000000003,2.01,2.6100000000000003,2.88,4.04,4.55,2.01,1.7700000000000002,5.0600000000000005,4.75,3.16,1.9800000000000002,2.1500000000000004,5.4,5.48,2.5999999999999996,4.04,3.8500000000000005
198709,-3.12,-0.36,-0.81,-1.18,-1.14,-3.96,-2.2,-0.37,-3.17,-0.59,-2.82,-3.2,-3.87,-1.88,-0.64,-2.35,-3.39,-3.47,-2.64,2.75,-1.08,-0.4,-4.88,-2.11,-1.23,-2.58,0.58,0.45,0.8,-3.5700000000000003,-0.81,-1.26,-1.63,-1.5899999999999999,-4.41,-2.6500000000000004,-0.8200000000000001,-3.62,-1.04,-3.27,-3.6500000000000004,-4.32,-2.33,-1.09,-2.8000000000000003,-3.8400000000000003,-3.9200000000000004,-3.0900000000000003,2.3,-1.53,-0.8500000000000001,-5.33,-2.56,-1.68
198710,-28.97,-26.65,-28.35,-29.96,-32.44,-27.64,-27.23,-29.39,-30.8,-31.78,-20.66,-23.22,-25.73,-31.44,-31.99,-12.96,-24.19,-24.19,-25.14,-29.33,-13.3,-11.68,-21.22,-20.56,-25.03,-23.19,-8.27,0.6,-7.72,-29.57,-27.25,-28.950000000000003,-30.560000000000002,-33.04,-28.240000000000002,-27.830000000000002,-29.990000000000002,-31.400000000000002,-32.38,-21.26,-23.82,-26.330000000000002,-32.04,-32.589999999999996,-13.56,-24.790000000000003,-24.790000000000003,-25.740000000000002,-29.93,-13.9,-12.28,-21.82,-21.16,-25.630000000000003
198711,-8.03,-4.21,-3.82,-3.08,-6.21,-5.83,-2.96,-3.27,-4.93,-5.07,-4.36,-5.01,-3.67,-3.87,-5.26,-5.41,-6.54,-5.18,-5.07,-3.67,-3.75,-6.89,-9.1,-9.15,-8.77,-7.76,2.68,0.35,-1.23,-8.379999999999999,-4.56,-4.17,-3.43,-6.56,-6.18,-3.31,-3.62,-5.279999999999999,-5.42,-4.71,-5.359999999999999,-4.02,-4.22,-5.609999999999999,-5.76,-6.89,-5.529999999999999,-5.42,-4.02,-4.1,-7.239999999999999,-9.45,-9.5,-9.12
198712,0.23,4.7,3.37,5.17,6.08,4.38,8.34,6.94,8.0,11.41,4.44,5.08,6.31,9.85,15.17,2.5,5.71,8.38,10.93,13.27,5.41,5.78,6.1,6.89,7.13,6.82,0.03,0.39,5.87,-0.16,4.3100000000000005,2.98,4.78,5.69,3.9899999999999998,7.95,6.550000000000001,7.61,11.02,4.050000000000001,4.69,5.92,9.459999999999999,14.78,2.11,5.32,7.990000000000001,10.54,12.879999999999999,5.0200000000000005,5.390000000000001,5.71,6.5,6.74
198801,10.67,7.77,7.93,4.95,4.3,7.62,6.28,3.69,2.88,1.45,5.37,7.14,5.52,2.77,0.47,9.9,8.88,6.06,4.75,-1.64,7.56,10.97,6.64,4.79,0.89,4.21,-0.75,0.29,-7.36,10.38,7.4799999999999995,7.64,4.66,4.01,7.33,5.99,3.4,2.59,1.16,5.08,6.85,5.2299999999999995,2.48,0.18,9.610000000000001,8.590000000000002,5.77,4.46,-1.93,7.27,10.680000000000001,6.35,4.5,0.6000000000000001
198802,7.1,7.18,7.62,4.68,5.47,8.81,9.4,10.51,7.83,7.91,9.68,9.34,5.76,7.23,8.85,11.67,6.17,7.37,6.55,8.12,10.85,4.89,2.73,2.67,6.35,4.77,3.33,0.46,-1.47,6.64,6.72,7.16,4.22,5.01,8.35,8.94,10.049999999999999,7.37,7.45,9.219999999999999,8.879999999999999,5.3,6.7700000000000005,8.389999999999999,11.209999999999999,5.71,6.91,6.09,7.659999999999999,10.389999999999999,4.43,2.27,2.21,5.89
198803,3.03,4.97,5.3,5.05,5.29,2.55,4.11,1.87,4.14,4.84,1.67,1.12,1.25,1.22,3.44,-3.22,0.91,1.29,0.39,1.21,-3.21,-3.53,-5.72,-3.34,-2.34,-2.26,6.01,0.44,0.56,2.59,4.529999999999999,4.859999999999999,4.609999999999999,4.85,2.11,3.6700000000000004,1.4300000000000002,3.6999999999999997,4.3999999999999995,1.23,0.6800000000000002,0.81,0.78,3.0,-3.66,0.47000000000000003,0.8500000000000001,-0.04999999999999999,0.77,-3.65,-3.9699999999999998,-6.16,-3.78,-2.78
198804,0.02,1.31,2.03,2.82,2.82,1.57,2.57,1.23,1.92,2.89,-0.6,0.74,-0.31,1.18,3.41,0.16,-0.09,-0.25,0.59,1.32,-1.36,1.45,-0.54,1.37,1.78,0.57,0.91,0.46,2.21,-0.44,0.8500000000000001,1.5699999999999998,2.36,2.36,1.11,2.11,0.77,1.46,2.43,-1.06,0.27999999999999997,-0.77,0.72,2.95,-0.30000000000000004,-0.55,-0.71,0.12999999999999995,0.8600000000000001,-1.82,0.99,-1.0,0.9100000000000001,1.32
198805,-4.64,-2.06,-1.91,-1.45,-1.17,-2.8,-2.63,-2.11,-2.6,-2.1,0.96,-1.63,0.56,-1.14,-1.03,0.28,0.48,-0.59,0.26,-0.98,-0.01,2.23,-0.56,1.38,-0.24,-0.27,-2.54,0.51,0.66,-5.1499999999999995,-2.5700000000000003,-2.42,-1.96,-1.68,-3.3099999999999996,-3.1399999999999997,-2.62,-3.1100000000000003,-2.6100000000000003,0.44999999999999996,-2.1399999999999997,0.050000000000000044,-1.65,-1.54,-0.22999999999999998,-0.030000000000000027,-1.1,-0.25,-1.49,-0.52,1.72,-1.07,0.8699999999999999,-0.75
198806,4.61,6.06,4.73,5.68,6.0,8.19,7.73,6.23,6.78,7.06,8.37,8.28,6.8,6.41,5.65,9.57,7.77,7.18,6.32,6.23,9.73,6.44,3.9,3.22,2.17,4.78,2.02,0.49,-3.02,4.12,5.569999999999999,4.24,5.1899999999999995,5.51,7.699999999999999,7.24,5.74,6.29,6.569999999999999,7.879999999999999,7.789999999999999,6.31,5.92,5.16,9.08,7.279999999999999,6.6899999999999995,5.83,5.74,9.24,5.95,3.41,2.7300000000000004,1.68
198807,-0.57,-0.45,0.25,1.01,-0.26,-0.77,-1.94,-0.7,-0.78,-0.31,-1.2,-1.81,-1.52,-2.42,-2.06,-6.25,-1.4,-0.24,-1.26,-2.31,-2.37,-1.26,0.01,0.13,-0.03,-1.25,-0.24,0.51,0.65,-1.08,-0.96,-0.26,0.5,-0.77,-1.28,-2.45,-1.21,-1.29,-0.8200000000000001,-1.71,-2.3200000000000003,-2.0300000000000002,-2.9299999999999997,-2.5700000000000003,-6.76,-1.91,-0.75,-1.77,-2.8200000000000003,-2.88,-1.77,-0.5,-0.38,-0.54
198808,-3.35,-2.09,-1.98,-1.22,-1.95,-3.43,-2.18,-1.11,-2.83,-2.88,-2.03,-1.62,-1.52,-1.65,-3.27,-1.18,-2.06,-2.95,-2.05,-2.02,-4.98,-3.71,-2.21,-2.47,-3.24,-3.31,0.08,0.59,0.36,-3.94,-2.6799999999999997,-2.57,-1.81,-2.54,-4.0200000000000005,-2.77,-1.7000000000000002,-3.42,-3.4699999999999998,-2.6199999999999997,-2.21,-2.11,-2.2399999999999998,-3.86,-1.77,-2.65,-3.54,-2.6399999999999997,-2.61,-5.57,-4.3,-2.8,-3.06,-3.83
198809,0.84,1.88,2.28,2.13,2.08,0.67,2.94,3.0,3.17,3.33,1.51,1.6,3.36,2.22,3.65,0.86,5.13,2.48,3.59,4.02,5.02,5.52,5.11,2.21,4.6,3.31,-1.37,0.62,0.29,0.21999999999999997,1.2599999999999998,1.6599999999999997,1.5099999999999998,1.46,0.050000000000000044,2.32,2.38,2.55,2.71,0.89,0.9800000000000001,2.7399999999999998,1.6,3.03,0.24,4.51,1.8599999999999999,2.9699999999999998,3.3999999999999995,4.3999999999999995,4.8999999999999995,4.49,1.5899999999999999,3.9799999999999995
198810,-2.89,-1.69,-0.88,-0.45,-0.92,-1.79,-0.81,-0.56,-0.86,-0.21,0.06,0.01,-1.54,0.49,0.68,-0.89,0.01,0.3,0.3,1.49,2.57,2.16,2.86,2.43,4.55,1.16,-2.94,0.61,1.31,-3.5,-2.3,-1.49,-1.06,-1.53,-2.4,-1.42,-1.17,-1.47,-0.82,-0.55,-0.6,-2.15,-0.12,0.07000000000000006,-1.5,-0.6,-0.31,-0.31,0.88,1.96,1.5500000000000003,2.25,1.8200000000000003,3.94
198811,-6.14,-3.68,-2.8,-3.22,-3.25,-3.31,-1.45,-2.54,-2.28,-3.93,-3.35,-2.12,-2.3,-2.44,-1.13,-1.88,-3.24,-3.13,-1.52,-1.36,-0.96,-1.1,-1.94,-1.2,-1.15,-2.27,-1.66,0.57,0.2,-6.71,-4.25,-3.3699999999999997,-3.79,-3.82,-3.88,-2.02,-3.11,-2.8499999999999996,-4.5,-3.92,-2.69,-2.8699999999999997,-3.01,-1.6999999999999997,-2.4499999999999997,-3.81,-3.6999999999999997,-2.09,-1.9300000000000002,-1.5299999999999998,-1.67,-2.51,-1.77,-1.7199999999999998
198812,1.26,2.59,2.3,3.32,4.2,4.26,3.28,3.08,4.02,5.2,2.8,2.47,2.46,3.37,4.73,2.27,1.69,2.07,1.67,2.39,3.68,2.04,1.86,0.86,1.3,1.48,1.91,0.63,0.32,0.63,1.96,1.67,2.69,3.5700000000000003,3.63,2.65,2.45,3.3899999999999997,4.57,2.17,1.8400000000000003,1.83,2.74,4.1000000000000005,1.6400000000000001,1.06,1.44,1.04,1.7600000000000002,3.0500000000000003,1.4100000000000001,1.23,0.22999999999999998,0.67
198901,4.49,4.86,5.13,5.6,4.78,3.62,4.36,4.54,3.05,5.85,5.44,5.01,3.5,5.19,6.86,6.41,6.13,4.43,6.06,7.88,8.72,7.74,6.21,6.76,7.56,6.07,-2.2,0.55,-0.2,3.9400000000000004,4.3100000000000005,4.58,5.05,4.23,3.0700000000000003,3.8100000000000005,3.99,2.5,5.3,4.890000000000001,4.46,2.95,4.640000000000001,6.3100000000000005,5.86,5.58,3.88,5.51,7.33,8.17,7.19,5.66,6.21,7.01
198902,0.32,0.96,1.03,0.91,0.47,1.89,1.12,-0.08,0.47,1.41,1.05,0.07,0.89,0.31,1.32,-0.27,-0.69,-1.67,0.54,0.1,-3.42,-2.63,-3.02,-2.61,-0.23,-2.23,2.83,0.61,1.01,-0.29,0.35,0.42000000000000004,0.30000000000000004,-0.14,1.2799999999999998,0.5100000000000001,-0.69,-0.14,0.7999999999999999,0.44000000000000006,-0.54,0.28,-0.3,0.7100000000000001,-0.88,-1.2999999999999998,-2.28,-0.06999999999999995,-0.51,-4.03,-3.2399999999999998,-3.63,-3.2199999999999998,-0.84
198903,0.16,1.2,3.31,2.68,3.12,0.97,1.01,1.95,2.79,2.9,0.14,1.08,1.23,2.96,5.52,-1.72,0.83,2.08,1.54,2.45,1.73,0.87,1.14,3.93,4.43,1.57,0.7,0.67,3.5,-0.51,0.5299999999999999,2.64,2.0100000000000002,2.45,0.29999999999999993,0.33999999999999997,1.2799999999999998,2.12,2.23,-0.53,0.41000000000000003,0.5599999999999999,2.29,4.85,-2.39,0.15999999999999992,1.4100000000000001,0.87,1.7800000000000002,1.06,0.19999999999999996,0.46999999999999986,3.2600000000000002,3.76
198904,1.53,1.83,1.6,3.34,3.4,4.02,4.19,4.15,4.47,5.61,4.2,4.58,4.47,4.4,6.56,2.88,4.75,5.89,6.09,6.43,6.31,5.09,3.76,5.85,5.75,4.35,-0.65,0.67,1.8,0.86,1.1600000000000001,0.93,2.67,2.73,3.3499999999999996,3.5200000000000005,3.4800000000000004,3.8,4.94,3.5300000000000002,3.91,3.8,3.7300000000000004,5.89,2.21,4.08,5.22,5.42,5.76,5.64,4.42,3.09,5.18,5.08
198905,1.52,3.3,2.03,3.26,3.57,4.09,2.81,3.16,3.67,4.68,3.94,5.07,5.2,4.36,4.94,5.63,3.6,4.37,4.53,3.2,5.56,1.71,4.92,3.45,6.12,3.28,-0.08,0.79,1.46,0.73,2.51,1.2399999999999998,2.4699999999999998,2.78,3.3,2.02,2.37,2.88,3.8899999999999997,3.15,4.28,4.41,3.5700000000000003,4.15,4.84,2.81,3.58,3.74,2.41,4.77,0.9199999999999999,4.13,2.66,5.33
198906,-2.63,-0.27,-0.91,0.6,-1.6,-3.44,-1.4,-0.56,0.04,-2.47,-4.13,1.03,-0.43,-0.34,-3.38,-1.44,0.2,-1.04,-1.12,0.77,-4.93,0.49,-0.98,-0.34,0.13,-1.33,-0.95,0.71,0.44,-3.34,-0.98,-1.62,-0.10999999999999999,-2.31,-4.15,-2.11,-1.27,-0.6699999999999999,-3.18,-4.84,0.32000000000000006,-1.14,-1.05,-4.09,-2.15,-0.51,-1.75,-1.83,0.06000000000000005,-5.64,-0.21999999999999997,-1.69,-1.05,-0.58
198907,0.8,2.22,3.38,2.87,5.31,0.67,4.06,4.17,3.11,7.4,-0.28,4.83,5.07,4.34,7.17,5.26,7.25,6.9,9.47,8.22,3.18,6.32,7.8,9.21,12.02,7.18,-4.11,0.7,5.32,0.10000000000000009,1.5200000000000002,2.6799999999999997,2.17,4.609999999999999,-0.029999999999999916,3.3599999999999994,3.4699999999999998,2.41,6.7,-0.98,4.13,4.37,3.6399999999999997,6.47,4.56,6.55,6.2,8.770000000000001,7.5200000000000005,2.4800000000000004,5.62,7.1,8.510000000000002,11.32
198908,0.8,1.51,2.46,2.35,2.91,1.68,3.49,4.4,2.48,4.26,2.27,3.03,2.56,3.31,4.25,5.59,3.78,2.84,2.81,3.81,3.02,3.05,3.2,0.58,0.53,1.43,0.57,0.74,-0.47,0.06000000000000005,0.77,1.72,1.61,2.17,0.94,2.75,3.66,1.74,3.5199999999999996,1.53,2.29,1.82,2.5700000000000003,3.51,4.85,3.04,2.0999999999999996,2.0700000000000003,3.0700000000000003,2.2800000000000002,2.3099999999999996,2.46,-0.16000000000000003,-0.20999999999999996
198909,-1.91,-0.35,1.44,-0.02,1.98,-0.25,1.38,-0.53,2.38,0.76,-2.05,-1.83,0.52,-0.18,1.56,-2.47,-3.06,-1.35,-2.04,1.41,-1.57,-2.9,-0.5,-0.21,2.44,-0.76,0.3,0.65,3.49,-2.56,-1.0,0.7899999999999999,-0.67,1.33,-0.9,0.7299999999999999,-1.1800000000000002,1.73,0.10999999999999999,-2.6999999999999997,-2.48,-0.13,-0.8300000000000001,0.91,-3.12,-3.71,-2.0,-2.69,0.7599999999999999,-2.22,-3.55,-1.15,-0.86,1.79
198910,-8.07,-3.81,-6.26,-5.18,-5.47,-6.65,-5.5,-5.23,-5.31,-6.39,-8.18,-4.75,-3.16,-4.92,-5.34,-7.28,-3.24,-3.92,-4.72,-5.58,-16.52,-2.67,-2.1,-1.06,-2.3,-3.65,-3.24,0.68,1.36,-8.75,-4.49,-6.9399999999999995,-5.859999999999999,-6.1499999999999995,-7.33,-6.18,-5.91,-5.989999999999999,-7.069999999999999,-8.86,-5.43,-3.8400000000000003,-5.6,-6.02,-7.96,-3.9200000000000004,-4.6,-5.3999999999999995,-6.26,-17.2,-3.35,-2.7800000000000002,-1.7400000000000002,-2.98
198911,-2.86,-1.0,-1.4,1.14,0.41,-1.71,-0.31,0.97,2.63,1.47,0.72,0.25,0.99,1.45,3.16,-0.86,1.2,1.06,2.97,1.63,-2.7,-0.71,2.59,3.32,2.01,1.04,-1.19,0.69,2.68,-3.55,-1.69,-2.09,0.44999999999999996,-0.27999999999999997,-2.4,-1.0,0.28,1.94,0.78,0.030000000000000027,-0.43999999999999995,0.30000000000000004,0.76,2.47,-1.5499999999999998,0.51,0.3700000000000001,2.2800000000000002,0.94,-3.39,-1.4,1.9,2.63,1.3199999999999998
198912,-3.84,-1.29,-1.07,0.08,-0.21,-0.33,-1.37,0.32,1.31,1.27,1.53,0.5,0.35,1.22,-0.01,-0.43,1.27,2.37,2.16,1.95,-1.88,0.87,2.43,4.24,1.11,1.18,-2.37,0.61,2.77,-4.45,-1.9,-1.6800000000000002,-0.53,-0.82,-0.94,-1.98,-0.29,0.7000000000000001,0.66,0.92,-0.10999999999999999,-0.26,0.61,-0.62,-1.04,0.66,1.7600000000000002,1.5500000000000003,1.3399999999999999,-2.4899999999999998,0.26,1.8200000000000003,3.6300000000000003,0.5000000000000001
199001,-7.29,-4.85,-5.37,-7.61,-8.29,-8.7,-6.67,-7.31,-7.55,-11.41,-15.1,-8.08,-7.54,-7.46,-9.65,-7.06,-7.8,-6.51,-7.0,-9.78,0.09,-3.58,-6.51,-6.18,-9.31,-7.8,-1.14,0.57,-3.0,-7.86,-5.42,-5.94,-8.18,-8.86,-9.27,-7.24,-7.88,-8.12,-11.98,-15.67,-8.65,-8.11,-8.03,-10.22,-7.63,-8.37,-7.08,-7.57,-10.35,-0.48,-4.15,-7.08,-6.75,-9.88
199002,1.4,0.23,0.32,3.09,3.35,4.9,1.24,3.83,2.58,5.23,4.17,3.44,2.35,0.38,3.36,4.57,0.78,1.76,1.53,2.58,4.42,3.43,1.1,0.96,1.03,1.12,0.97,0.57,-0.51,0.83,-0.33999999999999997,-0.24999999999999994,2.52,2.7800000000000002,4.33,0.67,3.2600000000000002,2.0100000000000002,4.66,3.6,2.87,1.7800000000000002,-0.18999999999999995,2.79,4.0,0.21000000000000008,1.19,0.9600000000000001,2.0100000000000002,3.85,2.8600000000000003,0.5300000000000001,0.39,0.4600000000000001
199003,1.26,2.35,1.22,3.14,4.09,2.62,3.43,3.6,3.39,5.28,2.24,2.9,1.4,2.61,4.95,3.82,2.93,1.61,1.95,3.63,-2.36,2.61,0.31,2.02,3.32,1.83,1.47,0.64,1.73,0.62,1.71,0.58,2.5,3.4499999999999997,1.98,2.79,2.96,2.75,4.640000000000001,1.6,2.26,0.7599999999999999,1.9699999999999998,4.3100000000000005,3.1799999999999997,2.29,0.9700000000000001,1.31,2.9899999999999998,-3.0,1.9699999999999998,-0.33,1.38,2.6799999999999997
199004,-4.43,-3.53,-3.04,-3.13,-0.52,-6.05,-1.9,-2.68,-3.7,-2.31,-5.88,-4.04,-4.15,-4.2,-3.06,-6.52,-5.61,-4.03,-4.44,-3.12,-6.19,-3.12,-1.9,-2.16,-1.8,-3.36,-0.47,0.69,2.31,-5.119999999999999,-4.22,-3.73,-3.82,-1.21,-6.74,-2.59,-3.37,-4.390000000000001,-3.0,-6.57,-4.73,-4.84,-4.890000000000001,-3.75,-7.209999999999999,-6.300000000000001,-4.720000000000001,-5.130000000000001,-3.81,-6.880000000000001,-3.81,-2.59,-2.85,-2.49
199005,3.38,1.51,2.2,4.91,7.97,2.67,4.24,5.55,6.73,12.19,9.9,7.76,5.84,6.9,11.8,9.08,9.6,9.12,7.54,11.07,10.8,8.73,9.12,9.45,9.98,8.43,-2.56,0.68,3.12,2.6999999999999997,0.83,1.52,4.23,7.29,1.9899999999999998,3.56,4.87,6.050000000000001,11.51,9.22,7.08,5.16,6.220000000000001,11.120000000000001,8.4,8.92,8.44,6.86,10.39,10.120000000000001,8.05,8.44,8.77,9.3
199006,-2.06,-0.48,1.99,1.13,2.69,2.79,-1.43,1.18,0.05,0.78,-2.81,-0.33,0.33,-0.37,-0.53,-7.43,-2.96,-0.76,0.37,0.5,-5.31,-2.17,-1.74,-1.7,1.64,-1.09,1.35,0.63,2.51,-2.69,-1.1099999999999999,1.3599999999999999,0.4999999999999999,2.06,2.16,-2.06,0.5499999999999999,-0.58,0.15000000000000002,-3.44,-0.96,-0.3,-1.0,-1.1600000000000001,-8.06,-3.59,-1.3900000000000001,-0.26,-0.13,-5.9399999999999995,-2.8,-2.37,-2.33,1.0099999999999998
199007,-6.61,-3.98,-2.86,-3.52,-3.58,-7.67,-4.87,-2.83,-1.88,-4.2,-8.72,-6.42,-2.13,-2.69,-1.28,-9.74,-4.32,-1.07,-0.94,-1.89,-9.31,-4.92,-1.51,0.01,0.75,-1.9,-3.09,0.68,6.04,-7.29,-4.66,-3.54,-4.2,-4.26,-8.35,-5.55,-3.5100000000000002,-2.56,-4.88,-9.4,-7.1,-2.81,-3.37,-1.96,-10.42,-5.0,-1.75,-1.62,-2.57,-9.99,-5.6,-2.19,-0.67,0.06999999999999995
199008,-14.73,-12.48,-10.57,-12.93,-12.76,-18.2,-12.0,-9.34,-11.5,-14.7,-12.99,-10.52,-10.74,-10.22,-12.65,-12.58,-11.02,-10.04,-9.53,-9.46,-11.6,-10.17,-9.11,-8.23,-8.41,-10.12,-3.5,0.66,1.96,-15.39,-13.14,-11.23,-13.59,-13.42,-18.86,-12.66,-10.0,-12.16,-15.36,-13.65,-11.18,-11.4,-10.88,-13.31,-13.24,-11.68,-10.7,-10.19,-10.120000000000001,-12.26,-10.83,-9.77,-8.89,-9.07
199009,-12.56,-9.24,-7.02,-7.31,-8.3,-15.65,-9.83,-8.32,-6.21,-10.21,-14.33,-12.38,-7.83,-2.39,-8.0,-15.55,-9.46,-7.93,-4.42,-6.31,-9.29,-8.22,-2.85,-2.96,-4.67,-6.11,-3.64,0.6,5.76,-13.16,-9.84,-7.619999999999999,-7.909999999999999,-8.9,-16.25,-10.43,-8.92,-6.81,-10.81,-14.93,-12.98,-8.43,-2.99,-8.6,-16.150000000000002,-10.06,-8.53,-5.02,-6.909999999999999,-9.889999999999999,-8.82,-3.45,-3.56,-5.27
199010,-11.61,-6.29,-5.49,-2.73,-4.17,-12.67,-7.24,-3.88,-3.97,-4.79,-11.83,-3.63,-4.01,-2.56,-4.39,-10.64,-7.36,-3.72,0.15,-1.46,-3.92,-3.57,0.53,1.22,0.18,-1.92,-5.52,0.68,6.71,-12.29,-6.97,-6.17,-3.41,-4.85,-13.35,-7.92,-4.56,-4.65,-5.47,-12.51,-4.31,-4.6899999999999995,-3.24,-5.069999999999999,-11.32,-8.040000000000001,-4.4,-0.53,-2.14,-4.6,-4.25,-0.15000000000000002,0.5399999999999999,-0.5
199011,4.41,3.3,2.07,3.73,5.48,14.38,8.12,6.17,5.42,8.55,13.76,8.71,9.9,7.05,8.87,18.35,14.63,11.93,7.81,6.84,12.86,8.38,6.92,5.97,5.06,6.35,0.42,0.57,-5.46,3.8400000000000003,2.73,1.5,3.16,4.91,13.81,7.549999999999999,5.6,4.85,7.98,13.19,8.14,9.33,6.4799999999999995,8.299999999999999,17.78,14.06,11.36,7.239999999999999,6.27,12.29,7.8100000000000005,6.35,5.3999999999999995,4.489999999999999
199012,-5.94,-0.87,2.72,-0.36,1.86,0.54,5.85,4.76,4.46,5.66,2.86,7.93,5.67,5.0,6.14,4.41,5.9,6.21,4.59,0.69,2.08,3.85,4.88,2.9,1.8,2.46,0.79,0.6,0.24,-6.54,-1.47,2.12,-0.96,1.2600000000000002,-0.05999999999999994,5.25,4.16,3.86,5.0600000000000005,2.26,7.33,5.07,4.4,5.54,3.81,5.300000000000001,5.61,3.9899999999999998,0.08999999999999997,1.48,3.25,4.28,2.3,1.2000000000000002
199101,13.27,8.62,6.01,4.61,7.74,13.28,7.73,7.05,6.04,9.86,7.42,9.28,5.88,6.53,10.09,12.71,10.58,5.68,3.68,6.17,15.55,12.03,5.86,1.83,3.76,4.69,3.78,0.52,-6.45,12.75,8.1,5.49,4.09,7.220000000000001,12.76,7.210000000000001,6.529999999999999,5.52,9.34,6.9,8.76,5.359999999999999,6.01,9.57,12.190000000000001,10.06,5.16,3.16,5.65,15.030000000000001,11.51,5.34,1.31,3.2399999999999998
199102,19.1,11.07,10.52,9.93,13.32,16.23,11.32,11.09,8.84,10.1,16.67,10.28,10.15,7.51,9.84,16.59,10.51,9.01,7.28,8.2,15.75,5.82,6.52,5.79,7.45,7.19,4.01,0.48,-4.9,18.62,10.59,10.04,9.45,12.84,15.75,10.84,10.61,8.36,9.62,16.19,9.799999999999999,9.67,7.029999999999999,9.36,16.11,10.03,8.53,6.800000000000001,7.719999999999999,15.27,5.34,6.039999999999999,5.3100000000000005,6.970000000000001
199103,8.67,5.31,6.76,7.34,13.24,5.18,5.0,4.66,7.66,9.81,6.34,1.45,2.61,3.18,8.75,5.38,0.5,2.74,3.03,6.49,1.83,0.69,1.26,2.52,3.42,2.66,3.88,0.44,2.74,8.23,4.869999999999999,6.319999999999999,6.8999999999999995,12.8,4.739999999999999,4.56,4.22,7.22,9.370000000000001,5.8999999999999995,1.01,2.17,2.74,8.31,4.9399999999999995,0.06,2.3000000000000003,2.59,6.05,1.3900000000000001,0.24999999999999994,0.8200000000000001,2.08,2.98
199104,1.2,2.24,1.98,1.58,2.69,-2.63,-0.97,1.29,1.58,-0.62,0.74,1.49,2.53,1.29,0.09,5.81,2.11,0.4,1.56,-1.76,1.4,2.85,0.51,0.54,-1.19,-0.28,0.5,0.53,-2.33,0.6699999999999999,1.7100000000000002,1.45,1.05,2.16,-3.16,-1.5,0.76,1.05,-1.15,0.20999999999999996,0.96,1.9999999999999998,0.76,-0.44000000000000006,5.279999999999999,1.5799999999999998,-0.13,1.03,-2.29,0.8699999999999999,2.3200000000000003,-0.020000000000000018,0.010000000000000009,-1.72
199105,0.87,3.17,3.26,3.61,5.13,0.78,3.29,5.59,2.75,6.26,4.86,5.47,2.8,2.68,5.69,8.21,4.9,5.7,4.47,4.56,8.86,5.13,3.9,3.29,3.72,3.66,-0.39,0.47,-0.1,0.4,2.7,2.79,3.1399999999999997,4.66,0.31000000000000005,2.8200000000000003,5.12,2.2800000000000002,5.79,4.390000000000001,5.0,2.33,2.21,5.220000000000001,7.740000000000001,4.430000000000001,5.23,4.0,4.09,8.389999999999999,4.66,3.4299999999999997,2.8200000000000003,3.25
199106,-5.18,-2.88,-2.97,-3.34,-4.79,-2.56,-4.52,-2.16,-4.63,-6.33,-3.98,-4.43,-3.94,-2.43,-5.79,-5.88,-6.95,-4.02,-3.32,-4.64,-6.52,-5.32,-5.05,-4.43,-3.51,-4.94,0.18,0.42,0.42,-5.6,-3.3,-3.39,-3.76,-5.21,-2.98,-4.9399999999999995,-2.58,-5.05,-6.75,-4.4,-4.85,-4.36,-2.85,-6.21,-6.3,-7.37,-4.4399999999999995,-3.7399999999999998,-5.06,-6.9399999999999995,-5.74,-5.47,-4.85,-3.9299999999999997
199107,1.24,1.85,2.91,2.95,6.09,0.38,1.47,2.83,4.66,6.38,3.59,3.41,3.4,4.86,8.4,5.67,3.48,3.6,4.83,6.29,3.39,3.04,3.39,4.07,8.05,4.24,-0.96,0.49,4.26,0.75,1.36,2.42,2.46,5.6,-0.10999999999999999,0.98,2.34,4.17,5.89,3.0999999999999996,2.92,2.91,4.37,7.91,5.18,2.99,3.1100000000000003,4.34,5.8,2.9000000000000004,2.55,2.9000000000000004,3.58,7.5600000000000005
199108,1.81,1.74,2.24,2.92,4.81,1.9,1.31,3.06,3.52,6.08,6.22,2.01,3.51,3.61,6.64,7.1,2.39,1.56,1.56,2.05,5.48,1.07,2.1,2.19,4.58,2.32,1.58,0.46,1.58,1.35,1.28,1.7800000000000002,2.46,4.35,1.44,0.8500000000000001,2.6,3.06,5.62,5.76,1.5499999999999998,3.05,3.15,6.18,6.64,1.9300000000000002,1.1,1.1,1.5899999999999999,5.0200000000000005,0.6100000000000001,1.6400000000000001,1.73,4.12
199109,-1.43,2.2,0.38,0.26,3.48,-2.44,-0.82,0.61,1.83,2.53,-3.58,-1.83,0.08,-1.45,1.87,-1.48,-1.46,-0.61,-0.06,-0.68,-5.49,-1.13,-0.74,-2.54,-1.08,-1.59,1.68,0.46,1.74,-1.89,1.7400000000000002,-0.08000000000000002,-0.2,3.02,-2.9,-1.28,0.14999999999999997,1.37,2.07,-4.04,-2.29,-0.38,-1.91,1.4100000000000001,-1.94,-1.92,-1.07,-0.52,-1.1400000000000001,-5.95,-1.5899999999999999,-1.2,-3.0,-1.54
199110,0.55,1.27,1.8,2.73,5.8,1.61,0.61,0.68,1.71,4.45,0.37,-0.27,2.71,2.78,2.86,-1.0,1.68,1.14,2.59,3.57,-2.1,1.39,1.05,2.96,1.83,1.29,0.77,0.42,3.18,0.13000000000000006,0.8500000000000001,1.3800000000000001,2.31,5.38,1.1900000000000002,0.19,0.26000000000000006,1.29,4.03,-0.04999999999999999,-0.69,2.29,2.36,2.44,-1.42,1.26,0.72,2.17,3.15,-2.52,0.97,0.6300000000000001,2.54,1.4100000000000001
199111,-4.27,-1.07,-1.21,-3.02,-2.2,-7.3,-4.13,-2.98,-2.9,-4.99,-6.81,-4.15,-3.56,-2.5,-7.96,-5.94,-3.21,-2.03,-3.71,-4.1,-5.98,-4.13,-2.57,-1.78,-5.59,-4.2,-0.51,0.39,1.18,-4.659999999999999,-1.46,-1.6,-3.41,-2.5900000000000003,-7.6899999999999995,-4.52,-3.37,-3.29,-5.38,-7.199999999999999,-4.54,-3.95,-2.89,-8.35,-6.33,-3.6,-2.42,-4.1,-4.489999999999999,-6.37,-4.52,-2.96,-2.17,-5.9799999999999995
199112,-2.16,1.41,1.2,4.73,7.39,2.7,6.62,5.64,8.2,11.87,7.06,8.65,9.04,7.86,14.36,5.29,7.97,9.64,11.72,15.48,3.95,9.72,10.04,15.58,18.51,10.85,-2.26,0.38,8.27,-2.54,1.0299999999999998,0.82,4.3500000000000005,7.01,2.3200000000000003,6.24,5.26,7.819999999999999,11.489999999999998,6.68,8.27,8.659999999999998,7.48,13.979999999999999,4.91,7.59,9.26,11.34,15.1,3.5700000000000003,9.34,9.659999999999998,15.2,18.130000000000003
199201,19.61,12.47,11.28,11.3,15.43,7.94,9.54,5.11,7.2,8.98,5.42,4.12,5.37,7.27,4.5,1.93,2.13,1.89,0.94,2.08,0.4,0.74,-2.79,-4.26,-4.59,-0.59,8.48,0.34,-2.49,19.27,12.13,10.94,10.96,15.09,7.6000000000000005,9.2,4.7700000000000005,6.86,8.64,5.08,3.7800000000000002,5.03,6.93,4.16,1.5899999999999999,1.7899999999999998,1.5499999999999998,0.5999999999999999,1.74,0.06,0.39999999999999997,-3.13,-4.6,-4.93
199202,4.4,5.86,6.24,5.92,4.58,2.83,3.9,2.67,2.31,1.53,4.08,2.84,1.82,3.31,4.32,4.02,3.13,2.87,1.67,0.15,4.35,0.93,0.23,0.87,1.03,1.08,0.83,0.28,-0.69,4.12,5.58,5.96,5.64,4.3,2.55,3.62,2.3899999999999997,2.0300000000000002,1.25,3.8,2.5599999999999996,1.54,3.0300000000000002,4.04,3.7399999999999993,2.8499999999999996,2.59,1.39,-0.13000000000000003,4.069999999999999,0.65,-0.05000000000000002,0.59,0.75
199203,-3.05,-1.22,0.22,-0.3,-2.46,-4.98,-3.1,-1.14,-2.77,-5.56,-4.11,-2.94,-1.09,-1.12,-3.09,-1.58,-1.88,-2.96,-4.02,-2.14,-2.94,-1.58,-1.57,-1.65,-3.39,-2.65,-0.97,0.34,-0.24,-3.3899999999999997,-1.56,-0.12000000000000002,-0.64,-2.8,-5.32,-3.44,-1.48,-3.11,-5.8999999999999995,-4.45,-3.28,-1.4300000000000002,-1.4600000000000002,-3.4299999999999997,-1.9200000000000002,-2.2199999999999998,-3.3,-4.359999999999999,-2.48,-3.28,-1.9200000000000002,-1.9100000000000001,-1.99,-3.73
199204,-5.56,-2.09,-3.05,-3.93,-5.37,-2.36,-4.14,-4.24,-3.59,-4.46,-0.67,-0.75,0.7,-0.56,-2.48,3.46,-0.32,0.19,1.17,-2.26,7.7,4.06,3.37,0.83,-0.38,1.09,-6.12,0.32,-2.51,-5.88,-2.4099999999999997,-3.3699999999999997,-4.25,-5.69,-2.6799999999999997,-4.46,-4.5600000000000005,-3.9099999999999997,-4.78,-0.99,-1.07,0.37999999999999995,-0.8800000000000001,-2.8,3.14,-0.64,-0.13,0.8499999999999999,-2.5799999999999996,7.38,3.7399999999999998,3.0500000000000003,0.51,-0.7
199205,0.0,-0.38,0.08,1.39,0.36,4.1,0.29,2.28,1.34,-0.29,3.41,-0.1,-0.56,1.43,0.11,2.73,1.17,1.46,-0.7,0.37,1.79,-0.61,-0.01,1.18,2.83,0.3,0.41,0.28,0.07,-0.28,-0.66,-0.2,1.1099999999999999,0.07999999999999996,3.8199999999999994,0.009999999999999953,1.9999999999999998,1.06,-0.5700000000000001,3.13,-0.38,-0.8400000000000001,1.15,-0.17000000000000004,2.45,0.8899999999999999,1.18,-0.98,0.08999999999999997,1.51,-0.89,-0.29000000000000004,0.8999999999999999,2.55
199206,-6.97,-4.34,-3.98,-4.47,-4.37,-6.68,-5.24,-3.52,-1.75,-4.16,-1.66,-2.35,-1.45,-1.74,-4.49,-4.9,-2.37,-0.81,-1.9,-1.46,-2.99,-0.65,-0.45,-1.77,-5.17,-2.33,-3.1,0.32,-0.57,-7.29,-4.66,-4.3,-4.79,-4.69,-7.0,-5.5600000000000005,-3.84,-2.07,-4.48,-1.98,-2.67,-1.77,-2.06,-4.8100000000000005,-5.220000000000001,-2.69,-1.1300000000000001,-2.2199999999999998,-1.78,-3.31,-0.97,-0.77,-2.09,-5.49
199207,0.2,1.4,1.73,3.07,3.74,1.95,4.55,2.52,3.86,3.73,3.05,2.1,4.63,5.62,5.75,4.55,3.86,3.21,4.59,4.76,5.32,3.17,4.76,4.39,3.71,3.78,-0.45,0.31,1.53,-0.10999999999999999,1.0899999999999999,1.42,2.76,3.43,1.64,4.24,2.21,3.55,3.42,2.7399999999999998,1.79,4.32,5.3100000000000005,5.44,4.24,3.55,2.9,4.28,4.45,5.010000000000001,2.86,4.45,4.08,3.4
199208,-3.75,-2.91,-0.93,-1.86,-3.52,-3.02,-1.45,-1.9,-0.73,-3.5,-2.16,-2.96,-2.2,-1.69,-4.53,-1.35,-1.6,-0.87,-2.11,-3.89,-2.57,-0.84,-1.14,-3.55,-2.72,-2.38,-0.1,0.26,-0.49,-4.01,-3.17,-1.19,-2.12,-3.7800000000000002,-3.2800000000000002,-1.71,-2.16,-0.99,-3.76,-2.42,-3.2199999999999998,-2.46,-1.95,-4.79,-1.61,-1.86,-1.13,-2.37,-4.15,-2.83,-1.1,-1.4,-3.8099999999999996,-2.9800000000000004
199209,-0.38,-0.04,2.04,1.59,1.6,0.86,0.27,3.18,1.98,4.36,3.01,0.36,2.47,1.61,3.99,-1.96,1.54,1.04,1.75,2.02,-0.29,1.43,1.52,0.63,3.18,1.19,0.55,0.26,1.41,-0.64,-0.3,1.78,1.33,1.34,0.6,0.010000000000000009,2.92,1.72,4.1000000000000005,2.75,0.09999999999999998,2.21,1.35,3.7300000000000004,-2.2199999999999998,1.28,0.78,1.49,1.76,-0.55,1.17,1.26,0.37,2.92
199210,1.06,0.86,3.48,2.3,3.82,3.34,2.47,2.92,2.79,3.93,2.84,3.2,2.53,3.37,3.87,4.09,1.17,2.75,2.83,4.43,0.43,-1.18,0.21,0.12,3.16,1.02,2.11,0.23,2.59,0.8300000000000001,0.63,3.25,2.07,3.59,3.11,2.24,2.69,2.56,3.7,2.61,2.97,2.3,3.14,3.64,3.86,0.94,2.52,2.6,4.199999999999999,0.19999999999999998,-1.41,-0.020000000000000018,-0.11000000000000001,2.93
199211,9.85,6.74,6.43,7.29,9.11,11.32,6.49,5.85,6.18,7.92,6.04,6.88,6.38,4.28,8.0,8.15,4.52,3.58,4.2,5.67,1.28,3.62,2.35,4.37,4.62,4.14,3.68,0.23,-0.23,9.62,6.51,6.199999999999999,7.06,8.879999999999999,11.09,6.26,5.619999999999999,5.949999999999999,7.6899999999999995,5.81,6.6499999999999995,6.1499999999999995,4.05,7.77,7.92,4.289999999999999,3.35,3.97,5.4399999999999995,1.05,3.39,2.12,4.14,4.39
199212,1.26,2.85,3.25,4.42,6.48,-1.05,2.21,3.99,4.79,5.52,2.11,1.74,2.54,5.45,5.44,1.29,1.04,1.89,3.32,5.06,-5.25,0.84,2.22,1.36,2.48,1.53,1.65,0.28,4.46,0.98,2.5700000000000003,2.9699999999999998,4.14,6.2,-1.33,1.93,3.71,4.51,5.239999999999999,1.8299999999999998,1.46,2.26,5.17,5.16,1.01,0.76,1.6099999999999999,3.04,4.779999999999999,-5.53,0.5599999999999999,1.9400000000000002,1.08,2.2
199301,4.19,5.97,6.55,6.49,8.13,0.78,1.7,1.86,4.52,4.62,-1.65,-0.62,2.57,3.8,2.92,-0.38,2.08,0.71,2.91,3.57,-4.21,-1.26,0.4,1.78,6.88,0.93,1.89,0.23,4.84,3.9600000000000004,5.739999999999999,6.319999999999999,6.26,7.9,0.55,1.47,1.6300000000000001,4.289999999999999,4.39,-1.88,-0.85,2.34,3.57,2.69,-0.61,1.85,0.48,2.68,3.34,-4.44,-1.49,0.17,1.55,6.6499999999999995
199302,-4.97,-2.71,-1.7,0.53,-0.65,-6.84,-4.18,-0.58,0.03,-1.36,-4.09,-1.58,-0.81,-0.17,-1.52,-2.58,0.07,0.05,0.72,0.48,-0.02,-3.59,2.5,1.51,2.23,0.12,-3.39,0.22,3.12,-5.1899999999999995,-2.93,-1.92,0.31000000000000005,-0.87,-7.06,-4.3999999999999995,-0.7999999999999999,-0.19,-1.58,-4.31,-1.8,-1.03,-0.39,-1.74,-2.8000000000000003,-0.15,-0.16999999999999998,0.5,0.26,-0.24,-3.81,2.28,1.29,2.01
199303,0.27,2.55,3.05,4.68,4.91,0.68,0.23,1.76,3.59,4.69,-0.84,1.05,3.9,2.63,7.15,3.35,3.8,3.4,3.06,6.26,-0.55,0.55,2.85,2.11,3.81,2.32,0.29,0.25,3.72,0.020000000000000018,2.3,2.8,4.43,4.66,0.43000000000000005,-0.01999999999999999,1.51,3.34,4.44,-1.0899999999999999,0.8,3.65,2.38,6.9,3.1,3.55,3.15,2.81,6.01,-0.8,0.30000000000000004,2.6,1.8599999999999999,3.56
199304,-3.86,-2.05,-3.23,-1.07,-2.25,-4.8,-2.81,-1.65,-1.75,-2.83,-4.16,-2.03,-2.59,-2.9,-3.96,-2.05,-2.1,-3.36,-1.16,-2.69,0.92,-4.71,-1.98,-2.74,-4.05,-3.05,-0.62,0.24,0.36,-4.1,-2.29,-3.4699999999999998,-1.31,-2.49,-5.04,-3.05,-1.89,-1.99,-3.0700000000000003,-4.4,-2.2699999999999996,-2.83,-3.1399999999999997,-4.2,-2.29,-2.34,-3.5999999999999996,-1.4,-2.9299999999999997,0.68,-4.95,-2.2199999999999998,-2.9800000000000004,-4.29
199305,5.25,3.02,2.89,3.86,2.96,6.85,5.18,3.89,4.61,4.32,6.37,3.88,3.32,3.19,4.28,4.54,4.03,3.03,1.18,6.18,3.51,2.48,1.13,3.05,6.0,2.89,2.06,0.22,0.2,5.03,2.8,2.67,3.6399999999999997,2.7399999999999998,6.63,4.96,3.67,4.390000000000001,4.1000000000000005,6.15,3.6599999999999997,3.0999999999999996,2.9699999999999998,4.0600000000000005,4.32,3.81,2.8099999999999996,0.96,5.96,3.2899999999999996,2.26,0.9099999999999999,2.8299999999999996,5.78
199306,-2.17,0.12,1.57,1.65,2.01,-1.9,1.09,-0.51,1.0,1.79,-3.01,-1.6,-0.1,2.73,2.43,-1.9,-0.01,0.93,2.09,2.5,-4.17,-1.95,0.1,3.36,3.93,0.3,-0.3,0.25,4.55,-2.42,-0.13,1.32,1.4,1.7599999999999998,-2.15,0.8400000000000001,-0.76,0.75,1.54,-3.26,-1.85,-0.35,2.48,2.18,-2.15,-0.26,0.68,1.8399999999999999,2.25,-4.42,-2.2,-0.15,3.11,3.68
199307,-0.52,1.43,1.57,2.68,2.27,-0.21,0.16,1.62,2.33,2.04,-0.79,-1.07,1.38,1.6,0.74,-3.24,1.01,0.37,-0.45,0.9,-3.65,-1.25,-0.23,1.34,0.98,-0.34,0.96,0.24,3.23,-0.76,1.19,1.33,2.4400000000000004,2.0300000000000002,-0.44999999999999996,-0.07999999999999999,1.3800000000000001,2.09,1.8,-1.03,-1.31,1.14,1.36,0.5,-3.4800000000000004,0.77,0.13,-0.69,0.66,-3.8899999999999997,-1.49,-0.47,1.1,0.74
199308,3.03,2.98,3.78,3.99,5.75,3.31,3.17,3.34,3.01,7.05,2.86,2.29,2.96,4.26,7.5,3.59,3.69,3.08,4.16,7.9,4.3,3.26,3.09,3.37,5.23,3.72,0.12,0.25,2.59,2.78,2.73,3.53,3.74,5.5,3.06,2.92,3.09,2.76,6.8,2.61,2.04,2.71,4.01,7.25,3.34,3.44,2.83,3.91,7.65,4.05,3.01,2.84,3.12,4.98
199309,1.07,1.71,3.11,3.41,4.01,0.73,2.5,1.51,3.31,5.48,-1.43,0.69,0.92,3.01,4.41,-2.4,-0.74,-1.35,1.45,2.69,-2.53,-1.58,0.31,-0.09,1.86,-0.12,3.07,0.26,3.44,0.81,1.45,2.8499999999999996,3.1500000000000004,3.75,0.47,2.24,1.25,3.05,5.220000000000001,-1.69,0.42999999999999994,0.66,2.75,4.15,-2.66,-1.0,-1.61,1.19,2.4299999999999997,-2.79,-1.84,0.04999999999999999,-0.35,1.6
199310,5.34,5.05,3.48,4.11,5.02,4.57,1.77,1.78,3.16,3.25,4.56,1.54,0.3,0.89,0.09,4.98,0.88,-0.25,0.47,-1.07,6.15,2.22,-1.02,0.84,0.72,1.42,1.99,0.22,-2.69,5.12,4.83,3.26,3.89,4.8,4.3500000000000005,1.55,1.56,2.94,3.03,4.34,1.32,0.07999999999999999,0.67,-0.13,4.760000000000001,0.66,-0.47,0.24999999999999997,-1.29,5.930000000000001,2.0,-1.24,0.62,0.5
199311,-2.14,-2.85,-2.25,-2.51,-3.99,-0.71,-1.82,-2.53,-2.96,-4.6,2.02,0.31,-3.01,-2.82,-6.82,1.76,-1.39,-3.52,-2.97,-4.23,4.34,-0.35,-2.57,-2.64,-4.14,-1.87,-1.26,0.25,-4.8,-2.39,-3.1,-2.5,-2.76,-4.24,-0.96,-2.0700000000000003,-2.78,-3.21,-4.85,1.77,0.06,-3.26,-3.07,-7.07,1.51,-1.64,-3.77,-3.22,-4.48,4.09,-0.6,-2.82,-2.89,-4.39
199312,-1.59,1.06,0.96,2.34,1.49,2.02,2.33,4.21,2.57,4.89,2.94,4.94,3.74,4.55,5.86,1.22,4.28,3.17,4.5,5.63,-1.34,1.13,2.29,1.59,1.28,1.65,1.18,0.23,2.36,-1.82,0.8300000000000001,0.73,2.11,1.26,1.79,2.1,3.98,2.34,4.659999999999999,2.71,4.71,3.5100000000000002,4.319999999999999,5.63,0.99,4.05,2.94,4.27,5.3999999999999995,-1.57,0.8999999999999999,2.06,1.36,1.05
199401,4.72,3.3,4.56,3.94,5.45,2.18,2.9,1.58,3.21,2.77,4.86,2.93,2.05,1.27,2.94,6.73,3.11,1.72,2.57,0.73,4.65,1.39,2.9,3.61,5.11,2.87,0.34,0.25,0.1,4.47,3.05,4.31,3.69,5.2,1.9300000000000002,2.65,1.33,2.96,2.52,4.61,2.68,1.7999999999999998,1.02,2.69,6.48,2.86,1.47,2.32,0.48,4.4,1.14,2.65,3.36,4.86
199402,-0.7,-0.71,-0.11,-0.37,-0.88,-1.03,0.23,0.08,0.5,-2.45,-1.05,-0.62,-0.23,-0.91,0.87,0.65,-1.35,-3.11,-0.85,-1.18,-2.27,-3.88,-2.34,-3.21,-2.9,-2.55,2.76,0.21,-0.38,-0.9099999999999999,-0.9199999999999999,-0.32,-0.58,-1.09,-1.24,0.020000000000000018,-0.13,0.29000000000000004,-2.66,-1.26,-0.83,-0.44,-1.12,0.66,0.44000000000000006,-1.56,-3.32,-1.06,-1.39,-2.48,-4.09,-2.55,-3.42,-3.11
199403,-4.51,-3.51,-4.79,-4.15,-5.47,-4.67,-4.9,-4.59,-6.0,-7.38,-4.06,-3.51,-4.33,-5.25,-6.08,-4.64,-2.97,-4.98,-5.32,-4.8,-4.28,-3.63,-3.85,-4.99,-4.97,-4.79,-1.08,0.27,-1.31,-4.779999999999999,-3.78,-5.0600000000000005,-4.42,-5.74,-4.9399999999999995,-5.17,-4.859999999999999,-6.27,-7.65,-4.33,-3.78,-4.6,-5.52,-6.35,-4.91,-3.24,-5.25,-5.59,-5.07,-4.550000000000001,-3.9,-4.12,-5.26,-5.24
199404,-4.54,-1.3,-0.68,0.36,-0.01,-0.1,-0.86,-0.16,0.28,0.58,-0.73,0.29,0.49,-0.86,0.37,0.36,1.55,1.03,1.95,1.27,0.34,2.35,1.94,0.73,-1.15,0.68,-0.93,0.27,0.34,-4.8100000000000005,-1.57,-0.9500000000000001,0.08999999999999997,-0.28,-0.37,-1.13,-0.43000000000000005,0.010000000000000009,0.30999999999999994,-1.0,0.019999999999999962,0.21999999999999997,-1.13,0.09999999999999998,0.08999999999999997,1.28,0.76,1.68,1.0,0.07,2.08,1.67,0.45999999999999996,-1.42
199405,-0.14,0.66,0.31,0.36,-1.0,0.11,0.74,0.43,-2.66,-3.33,1.65,0.13,-0.28,-2.13,-2.31,0.18,-1.16,-0.86,1.05,-1.48,2.26,2.13,1.43,1.67,0.54,0.58,-2.08,0.32,-2.07,-0.46,0.34,-0.010000000000000009,0.03999999999999998,-1.32,-0.21000000000000002,0.42,0.10999999999999999,-2.98,-3.65,1.3299999999999998,-0.19,-0.6000000000000001,-2.4499999999999997,-2.63,-0.14,-1.48,-1.18,0.73,-1.8,1.9399999999999997,1.8099999999999998,1.1099999999999999,1.3499999999999999,0.22000000000000003
199406,-4.54,-2.52,-0.85,-2.6,-2.7,-4.6,-1.66,-0.98,-2.16,-4.3,-1.96,0.04,-0.7,-2.64,-6.03,-2.74,-2.82,-2.99,-2.19,-3.67,-1.55,-1.85,-3.44,-1.66,-5.14,-3.04,-0.42,0.31,-0.88,-4.85,-2.83,-1.16,-2.91,-3.0100000000000002,-4.909999999999999,-1.97,-1.29,-2.47,-4.609999999999999,-2.27,-0.27,-1.01,-2.95,-6.34,-3.0500000000000003,-3.13,-3.3000000000000003,-2.5,-3.98,-1.86,-2.16,-3.75,-1.97,-5.449999999999999
199407,-0.43,0.0,0.34,1.41,1.71,1.25,2.76,1.52,1.86,2.57,1.81,2.49,2.88,2.77,3.69,4.99,3.86,2.65,3.59,1.81,4.43,2.68,4.15,2.89,2.12,2.82,-1.77,0.28,0.12,-0.71,-0.28,0.06,1.13,1.43,0.97,2.4799999999999995,1.24,1.58,2.29,1.53,2.21,2.5999999999999996,2.49,3.41,4.71,3.58,2.37,3.3099999999999996,1.53,4.1499999999999995,2.4000000000000004,3.87,2.6100000000000003,1.84
199408,3.91,3.02,3.52,3.73,3.84,7.26,4.99,4.23,6.73,6.03,7.05,4.42,5.75,5.48,8.29,5.78,4.49,5.04,4.17,6.41,4.25,2.38,2.72,4.97,6.87,4.02,1.53,0.37,1.54,3.54,2.65,3.15,3.36,3.4699999999999998,6.89,4.62,3.8600000000000003,6.36,5.66,6.68,4.05,5.38,5.11,7.919999999999999,5.41,4.12,4.67,3.8,6.04,3.88,2.01,2.35,4.6,6.5
199409,1.09,0.23,1.09,1.5,2.05,-0.47,-0.35,-0.59,-0.03,1.31,-3.47,-2.22,-2.04,0.18,0.65,-2.98,-2.56,-2.3,-2.74,0.59,-2.01,-2.99,-1.79,-2.76,-2.18,-2.28,3.03,0.37,1.31,0.7200000000000001,-0.13999999999999999,0.7200000000000001,1.13,1.6799999999999997,-0.84,-0.72,-0.96,-0.4,0.9400000000000001,-3.8400000000000003,-2.5900000000000003,-2.41,-0.19,0.28,-3.35,-2.93,-2.67,-3.1100000000000003,0.21999999999999997,-2.38,-3.3600000000000003,-2.16,-3.13,-2.5500000000000003
199410,-1.5,-0.81,-0.76,0.96,2.37,-1.04,-1.73,-0.96,-1.58,2.03,1.45,-1.03,-0.5,1.06,2.07,0.74,2.48,-0.25,-0.46,0.81,2.19,2.59,2.93,1.14,2.96,1.35,-2.16,0.38,1.43,-1.88,-1.19,-1.1400000000000001,0.58,1.9900000000000002,-1.42,-2.11,-1.3399999999999999,-1.96,1.65,1.0699999999999998,-1.4100000000000001,-0.88,0.68,1.69,0.36,2.1,-0.63,-0.8400000000000001,0.43000000000000005,1.81,2.21,2.5500000000000003,0.7599999999999999,2.58
199411,-4.94,-3.88,-4.02,-3.26,-3.11,-4.12,-3.46,-3.8,-3.65,-3.5,-5.67,-4.28,-3.31,-3.79,-4.3,-3.3,-3.25,-4.93,-4.93,-5.64,-1.86,-2.88,-4.11,-2.56,-4.78,-4.03,0.33,0.37,-0.15,-5.3100000000000005,-4.25,-4.39,-3.63,-3.48,-4.49,-3.83,-4.17,-4.02,-3.87,-6.04,-4.65,-3.68,-4.16,-4.67,-3.67,-3.62,-5.3,-5.3,-6.01,-2.23,-3.25,-4.48,-2.93,-5.15
199412,-5.6,-1.26,-0.55,0.3,1.22,-2.3,1.48,3.31,2.95,4.93,0.86,1.57,2.13,2.19,4.44,-0.14,0.47,0.7,1.71,1.7,-1.12,0.17,2.53,0.97,1.77,0.86,0.15,0.44,3.46,-6.04,-1.7,-0.99,-0.14,0.78,-2.7399999999999998,1.04,2.87,2.5100000000000002,4.489999999999999,0.42,1.1300000000000001,1.69,1.75,4.0,-0.5800000000000001,0.02999999999999997,0.25999999999999995,1.27,1.26,-1.56,-0.27,2.09,0.53,1.33
199501,4.06,3.12,1.58,2.2,1.54,-0.77,0.11,-1.95,0.23,-1.02,0.43,-0.1,-0.41,0.18,-3.97,2.78,3.36,2.7,0.84,-0.28,1.77,4.33,2.78,3.95,0.52,1.8,-3.49,0.42,-1.81,3.6399999999999997,2.7,1.1600000000000001,1.7800000000000002,1.12,-1.19,-0.31,-2.37,-0.18999999999999997,-1.44,0.010000000000000009,-0.52,-0.83,-0.24,-4.390000000000001,2.36,2.94,2.2800000000000002,0.42,-0.7,1.35,3.91,2.36,3.5300000000000002,0.10000000000000003
199502,2.75,3.39,3.02,3.22,3.33,2.78,3.94,3.6,3.32,3.91,5.51,5.52,4.23,4.0,6.22,4.08,5.57,4.11,4.6,5.97,5.38,5.23,3.9,3.37,2.82,3.63,-0.57,0.4,-0.43,2.35,2.99,2.62,2.8200000000000003,2.93,2.38,3.54,3.2,2.92,3.5100000000000002,5.109999999999999,5.119999999999999,3.8300000000000005,3.6,5.819999999999999,3.68,5.17,3.7100000000000004,4.199999999999999,5.569999999999999,4.9799999999999995,4.83,3.5,2.97,2.42
199503,0.18,1.69,1.66,2.06,2.92,3.91,2.0,1.52,2.08,3.35,-1.63,5.24,0.35,0.54,4.82,4.64,2.12,3.21,2.01,3.53,3.63,3.43,2.11,2.69,2.82,2.19,-0.18,0.46,0.43,-0.28,1.23,1.2,1.6,2.46,3.45,1.54,1.06,1.62,2.89,-2.09,4.78,-0.11000000000000004,0.08000000000000002,4.36,4.18,1.6600000000000001,2.75,1.5499999999999998,3.07,3.17,2.97,1.65,2.23,2.36
199504,2.11,2.02,2.62,2.96,3.71,3.37,1.23,3.48,3.31,2.71,0.4,3.81,0.57,0.04,0.81,3.14,-0.02,2.84,0.52,2.28,-0.43,0.29,2.21,3.38,4.23,2.11,-0.52,0.44,1.79,1.67,1.58,2.18,2.52,3.27,2.93,0.79,3.04,2.87,2.27,-0.03999999999999998,3.37,0.12999999999999995,-0.4,0.37000000000000005,2.7,-0.46,2.4,0.08000000000000002,1.8399999999999999,-0.87,-0.15000000000000002,1.77,2.94,3.7900000000000005
199505,1.74,1.81,1.6,2.98,2.89,1.63,1.46,1.74,2.16,1.81,2.56,3.34,3.39,0.05,0.57,2.22,3.87,3.69,2.11,0.34,6.1,4.42,3.87,4.27,3.46,2.9,-2.53,0.54,-0.54,1.2,1.27,1.06,2.44,2.35,1.0899999999999999,0.9199999999999999,1.2,1.62,1.27,2.02,2.8,2.85,-0.49000000000000005,0.029999999999999916,1.6800000000000002,3.33,3.15,1.5699999999999998,-0.2,5.56,3.88,3.33,3.7299999999999995,2.92
199506,4.22,5.63,4.52,5.11,8.76,4.37,2.92,3.03,3.96,8.78,4.0,0.98,2.79,2.96,8.45,6.43,2.04,2.61,2.08,8.67,1.95,2.71,0.75,1.47,4.82,2.72,3.14,0.47,3.02,3.75,5.16,4.05,4.640000000000001,8.29,3.9000000000000004,2.45,2.5599999999999996,3.49,8.309999999999999,3.5300000000000002,0.51,2.3200000000000003,2.49,7.9799999999999995,5.96,1.57,2.1399999999999997,1.61,8.2,1.48,2.24,0.28,1.0,4.3500000000000005
199507,5.24,4.7,4.66,6.37,7.25,4.66,2.67,5.99,5.27,10.23,4.0,3.3,3.28,6.5,9.4,4.7,3.13,3.58,4.47,9.76,5.26,2.89,3.44,2.35,4.41,3.71,2.11,0.45,2.54,4.79,4.25,4.21,5.92,6.8,4.21,2.2199999999999998,5.54,4.819999999999999,9.780000000000001,3.55,2.8499999999999996,2.8299999999999996,6.05,8.950000000000001,4.25,2.6799999999999997,3.13,4.02,9.31,4.81,2.44,2.9899999999999998,1.9000000000000001,3.96
199508,3.24,3.81,4.69,4.95,5.44,0.43,2.47,2.42,3.22,2.15,1.35,2.26,3.94,1.34,1.29,0.43,1.34,1.92,1.09,1.78,-2.73,2.39,0.61,0.43,0.2,0.55,1.31,0.47,0.14,2.7700000000000005,3.34,4.220000000000001,4.48,4.970000000000001,-0.03999999999999998,2.0,1.95,2.75,1.68,0.8800000000000001,1.7899999999999998,3.4699999999999998,0.8700000000000001,0.8200000000000001,-0.03999999999999998,0.8700000000000001,1.45,0.6200000000000001,1.31,-3.2,1.9200000000000002,0.14,-0.03999999999999998,-0.26999999999999996
199509,0.87,1.8,2.55,2.2,4.34,-0.76,1.7,2.02,1.63,2.77,-2.0,1.56,2.37,1.73,3.18,-1.59,1.25,3.02,3.18,3.37,4.54,4.66,3.49,4.84,4.83,3.36,-2.17,0.43,2.87,0.44,1.37,2.1199999999999997,1.7700000000000002,3.9099999999999997,-1.19,1.27,1.59,1.2,2.34,-2.43,1.1300000000000001,1.9400000000000002,1.3,2.75,-2.02,0.8200000000000001,2.59,2.75,2.94,4.11,4.23,3.06,4.41,4.4
199510,-9.12,-3.39,-1.14,-4.3,-4.05,-9.68,-5.26,-4.53,-4.3,-5.52,-5.47,-4.73,-2.63,-2.07,-2.41,-6.31,-3.3,-1.26,-1.38,-1.49,-6.45,-3.45,-0.6,0.85,1.3,-1.51,-3.81,0.47,4.18,-9.59,-3.8600000000000003,-1.6099999999999999,-4.77,-4.52,-10.15,-5.7299999999999995,-5.0,-4.77,-5.989999999999999,-5.9399999999999995,-5.2,-3.0999999999999996,-2.54,-2.88,-6.779999999999999,-3.7699999999999996,-1.73,-1.8499999999999999,-1.96,-6.92,-3.92,-1.0699999999999998,0.38,0.8300000000000001
199511,-0.53,1.79,2.24,2.24,2.31,2.96,2.91,5.56,3.62,4.96,6.49,4.31,2.83,5.4,5.53,6.69,5.33,5.67,4.49,2.46,11.92,5.99,4.68,4.8,2.36,3.96,-1.12,0.42,-0.72,-0.95,1.37,1.8200000000000003,1.8200000000000003,1.8900000000000001,2.54,2.49,5.14,3.2,4.54,6.07,3.8899999999999997,2.41,4.98,5.11,6.2700000000000005,4.91,5.25,4.07,2.04,11.5,5.57,4.26,4.38,1.94
199512,-2.15,1.02,1.89,3.11,3.12,-0.94,2.2,4.08,4.1,4.03,1.94,1.43,3.23,2.96,0.79,-1.58,1.25,2.04,0.79,-0.61,-1.8,1.75,2.53,2.0,1.0,1.04,0.66,0.49,2.5,-2.6399999999999997,0.53,1.4,2.62,2.63,-1.43,1.7100000000000002,3.59,3.6099999999999994,3.54,1.45,0.94,2.74,2.4699999999999998,0.30000000000000004,-2.0700000000000003,0.76,1.55,0.30000000000000004,-1.1,-2.29,1.26,2.04,1.51,0.51
199601,1.93,0.42,1.78,1.65,0.44,0.77,2.41,0.82,-0.42,-0.14,-2.14,0.0,-0.34,-0.52,0.42,3.21,3.09,2.21,1.41,0.7,1.43,0.64,1.5,4.2,4.59,2.26,-2.82,0.43,0.55,1.5,-0.010000000000000009,1.35,1.22,0.010000000000000009,0.34,1.9800000000000002,0.38999999999999996,-0.85,-0.5700000000000001,-2.5700000000000003,-0.43,-0.77,-0.95,-0.010000000000000009,2.78,2.6599999999999997,1.78,0.98,0.26999999999999996,1.0,0.21000000000000002,1.07,3.77,4.16
199602,2.76,3.05,1.78,3.19,3.83,4.58,3.93,2.83,2.54,4.05,4.87,2.91,2.3,0.99,4.86,2.98,1.84,1.18,1.9,3.2,1.65,0.59,1.24,0.43,3.01,1.33,1.78,0.39,0.57,2.3699999999999997,2.6599999999999997,1.3900000000000001,2.8,3.44,4.19,3.54,2.44,2.15,3.6599999999999997,4.48,2.52,1.9099999999999997,0.6,4.470000000000001,2.59,1.4500000000000002,0.7899999999999999,1.5099999999999998,2.81,1.2599999999999998,0.19999999999999996,0.85,0.03999999999999998,2.6199999999999997
199603,3.3,2.62,2.41,2.49,2.66,3.34,1.16,0.78,3.98,1.93,2.03,1.77,1.36,2.49,3.07,1.43,2.29,1.22,1.81,2.8,5.81,3.08,0.97,0.95,-0.73,0.74,1.44,0.39,-1.85,2.9099999999999997,2.23,2.02,2.1,2.27,2.9499999999999997,0.7699999999999999,0.39,3.59,1.54,1.6399999999999997,1.38,0.9700000000000001,2.1,2.6799999999999997,1.04,1.9,0.83,1.42,2.4099999999999997,5.42,2.69,0.58,0.5599999999999999,-1.12
199604,8.33,5.12,4.22,5.54,10.44,7.2,4.85,4.2,3.88,8.47,7.48,2.26,1.11,3.62,9.0,5.22,4.04,2.19,0.42,5.77,4.1,4.58,0.27,1.14,0.82,2.06,5.2,0.46,-0.96,7.87,4.66,3.76,5.08,9.979999999999999,6.74,4.39,3.74,3.42,8.01,7.0200000000000005,1.7999999999999998,0.6500000000000001,3.16,8.54,4.76,3.58,1.73,-0.040000000000000036,5.31,3.6399999999999997,4.12,-0.19,0.6799999999999999,0.35999999999999993
199605,7.25,5.76,5.65,5.53,9.13,4.59,2.48,3.19,4.43,7.38,2.64,1.61,0.83,3.73,3.34,-1.7,0.74,1.55,1.62,4.26,1.21,3.7,1.47,3.1,2.75,2.36,3.21,0.42,1.6,6.83,5.34,5.23,5.11,8.71,4.17,2.06,2.77,4.01,6.96,2.22,1.1900000000000002,0.41,3.31,2.92,-2.12,0.32,1.1300000000000001,1.2000000000000002,3.84,0.79,3.2800000000000002,1.05,2.68,2.33
199606,-6.64,-3.16,-2.67,-3.18,-5.88,-3.48,-1.87,-2.95,-2.94,-4.54,-5.24,-1.31,-0.65,-0.81,-5.13,-5.26,0.23,-2.1,-0.62,-4.63,-2.93,0.15,-0.48,2.03,-1.15,-1.13,-4.0,0.4,1.0,-7.04,-3.56,-3.07,-3.58,-6.28,-3.88,-2.27,-3.35,-3.34,-4.94,-5.640000000000001,-1.71,-1.05,-1.21,-5.53,-5.66,-0.17,-2.5,-1.02,-5.03,-3.33,-0.25,-0.88,1.63,-1.5499999999999998
199607,-8.95,-4.72,-5.68,-5.59,-11.42,-9.45,-7.57,-8.29,-7.52,-12.04,-8.2,-5.53,-6.66,-6.87,-10.37,-9.48,-5.24,-4.05,-6.54,-6.61,-9.28,-3.64,-4.47,-3.37,-5.52,-5.96,-4.31,0.45,-0.15,-9.399999999999999,-5.17,-6.13,-6.04,-11.87,-9.899999999999999,-8.02,-8.739999999999998,-7.97,-12.489999999999998,-8.649999999999999,-5.98,-7.11,-7.32,-10.819999999999999,-9.93,-5.69,-4.5,-6.99,-7.0600000000000005,-9.729999999999999,-4.09,-4.92,-3.8200000000000003,-5.97
199608,3.33,3.8,2.8,4.44,5.68,4.27,5.63,5.08,5.47,7.85,5.79,6.02,4.78,5.29,8.02,6.76,4.15,5.46,4.75,4.97,3.16,3.32,2.85,1.9,1.47,2.77,2.45,0.41,-0.01,2.92,3.3899999999999997,2.3899999999999997,4.03,5.27,3.8599999999999994,5.22,4.67,5.06,7.4399999999999995,5.38,5.609999999999999,4.37,4.88,7.609999999999999,6.35,3.74,5.05,4.34,4.56,2.75,2.9099999999999997,2.44,1.49,1.06
199609,1.02,2.1,2.11,3.22,3.66,3.43,2.91,4.71,3.72,6.12,2.66,3.35,3.45,2.77,7.32,4.96,5.49,4.23,3.36,6.49,4.6,4.57,3.72,5.84,7.43,5.01,-1.02,0.44,2.66,0.5800000000000001,1.6600000000000001,1.67,2.7800000000000002,3.22,2.99,2.47,4.27,3.2800000000000002,5.68,2.22,2.91,3.0100000000000002,2.33,6.88,4.52,5.05,3.7900000000000005,2.92,6.05,4.159999999999999,4.13,3.2800000000000002,5.3999999999999995,6.989999999999999
199610,-5.21,-0.4,-0.57,1.03,-1.42,-3.41,-0.89,-0.23,-1.05,-1.7,-4.49,0.04,1.33,-0.56,-4.11,-3.93,0.4,1.75,-0.51,0.64,-7.93,2.11,3.49,3.81,2.78,0.87,-4.39,0.42,3.79,-5.63,-0.8200000000000001,-0.99,0.6100000000000001,-1.8399999999999999,-3.83,-1.31,-0.65,-1.47,-2.12,-4.91,-0.38,0.9100000000000001,-0.98,-4.53,-4.3500000000000005,-0.019999999999999962,1.33,-0.9299999999999999,0.22000000000000003,-8.35,1.69,3.0700000000000003,3.39,2.36
199611,2.39,3.03,2.31,3.42,1.98,6.28,3.23,4.18,2.8,1.52,7.96,3.1,5.55,6.75,1.31,10.65,4.56,6.48,6.24,3.55,13.13,7.03,6.66,8.74,5.76,6.25,-4.02,0.41,-2.34,1.9800000000000002,2.6199999999999997,1.9000000000000001,3.01,1.57,5.87,2.82,3.7699999999999996,2.3899999999999997,1.11,7.55,2.69,5.14,6.34,0.9000000000000001,10.24,4.1499999999999995,6.07,5.83,3.1399999999999997,12.72,6.62,6.25,8.33,5.35
199612,-3.25,2.28,2.33,2.71,2.91,-0.19,3.52,3.87,4.04,2.57,0.44,1.82,2.25,1.7,2.32,-1.66,-0.93,0.04,0.76,-0.88,1.33,-0.22,-1.11,-3.17,-2.51,-1.7,3.13,0.46,0.58,-3.71,1.8199999999999998,1.87,2.25,2.45,-0.65,3.06,3.41,3.58,2.11,-0.020000000000000018,1.36,1.79,1.24,1.8599999999999999,-2.12,-1.3900000000000001,-0.42000000000000004,0.3,-1.34,0.8700000000000001,-0.68,-1.57,-3.63,-2.9699999999999998
199701,6.86,6.43,4.75,4.05,4.88,3.34,1.14,2.12,1.55,2.46,4.51,3.83,1.58,0.94,1.62,1.93,2.15,3.3,3.43,4.28,0.32,4.16,3.53,7.66,8.96,4.96,-1.94,0.45,1.92,6.41,5.9799999999999995,4.3,3.5999999999999996,4.43,2.8899999999999997,0.69,1.6700000000000002,1.1,2.01,4.06,3.38,1.1300000000000001,0.48999999999999994,1.1700000000000002,1.48,1.7,2.8499999999999996,2.98,3.83,-0.13,3.71,3.0799999999999996,7.21,8.510000000000002
199702,-4.0,0.05,0.9,0.21,-2.35,-3.38,0.06,-0.04,-0.29,-6.8,-2.05,-0.26,-0.25,1.52,-5.71,0.49,0.61,0.94,0.38,-5.03,0.0,1.45,1.28,1.97,-3.97,-0.48,-3.17,0.39,-2.08,-4.39,-0.34,0.51,-0.18000000000000002,-2.74,-3.77,-0.33,-0.43,-0.6799999999999999,-7.1899999999999995,-2.44,-0.65,-0.64,1.13,-6.1,0.09999999999999998,0.21999999999999997,0.5499999999999999,-0.010000000000000009,-5.42,-0.39,1.06,0.89,1.58,-4.36
199703,-7.76,-3.76,-3.02,-3.39,-4.75,-8.46,-3.13,-4.31,-3.48,-4.81,-6.47,-3.19,-4.27,-4.63,-5.71,-4.38,-4.74,-3.87,-5.01,-2.99,-4.5,-4.92,-2.28,-4.14,-6.11,-5.02,-0.33,0.43,0.9,-8.19,-4.1899999999999995,-3.45,-3.8200000000000003,-5.18,-8.89,-3.56,-4.739999999999999,-3.91,-5.239999999999999,-6.8999999999999995,-3.62,-4.699999999999999,-5.06,-6.14,-4.81,-5.17,-4.3,-5.4399999999999995,-3.4200000000000004,-4.93,-5.35,-2.71,-4.569999999999999,-6.54
199704,-5.85,-4.09,-1.94,-2.23,-2.37,-2.88,-2.3,1.66,-0.85,-0.54,-0.08,2.35,0.65,-0.28,1.71,-2.41,0.77,2.94,2.81,3.48,4.0,1.01,3.02,7.77,9.36,4.04,-5.76,0.43,4.84,-6.279999999999999,-4.52,-2.37,-2.66,-2.8000000000000003,-3.31,-2.73,1.23,-1.28,-0.97,-0.51,1.9200000000000002,0.22000000000000003,-0.71,1.28,-2.8400000000000003,0.34,2.51,2.38,3.05,3.57,0.5800000000000001,2.59,7.34,8.93
199705,13.05,8.73,8.37,9.89,8.32,20.77,14.03,8.95,11.68,13.43,17.33,10.05,8.22,9.26,9.9,10.79,7.43,6.5,5.9,7.6,13.72,7.87,6.02,6.34,4.87,6.73,5.13,0.49,-5.2,12.56,8.24,7.879999999999999,9.4,7.83,20.28,13.54,8.459999999999999,11.19,12.94,16.84,9.56,7.73,8.77,9.41,10.299999999999999,6.9399999999999995,6.01,5.41,7.109999999999999,13.23,7.38,5.529999999999999,5.85,4.38
199706,1.0,5.95,7.16,8.16,8.16,5.06,6.06,6.42,6.59,9.25,4.89,3.93,3.48,5.27,6.0,3.08,3.25,2.56,4.3,4.45,-2.33,4.92,3.15,3.95,5.27,4.1,1.19,0.37,2.6,0.63,5.58,6.79,7.79,7.79,4.6899999999999995,5.6899999999999995,6.05,6.22,8.88,4.52,3.56,3.11,4.8999999999999995,5.63,2.71,2.88,2.19,3.9299999999999997,4.08,-2.7,4.55,2.78,3.58,4.8999999999999995
199707,4.54,5.58,5.6,5.37,7.73,3.9,5.04,3.51,4.04,8.48,2.13,5.49,5.66,7.48,7.96,4.28,5.68,6.25,6.8,11.04,5.46,7.62,6.99,6.32,11.09,7.31,-2.73,0.43,3.69,4.11,5.15,5.17,4.94,7.300000000000001,3.4699999999999998,4.61,3.0799999999999996,3.61,8.05,1.7,5.0600000000000005,5.23,7.050000000000001,7.53,3.85,5.25,5.82,6.37,10.61,5.03,7.19,6.5600000000000005,5.890000000000001,10.66
199708,4.49,3.29,3.22,5.15,4.94,3.44,4.65,1.58,2.71,4.03,2.66,1.34,1.88,0.57,1.99,2.95,-0.9,-1.09,-1.42,1.39,-1.37,-3.65,-3.95,-6.74,-6.53,-4.1,7.15,0.41,-2.64,4.08,2.88,2.81,4.74,4.53,3.03,4.24,1.1700000000000002,2.3,3.62,2.25,0.9300000000000002,1.47,0.15999999999999998,1.58,2.54,-1.31,-1.5,-1.8299999999999998,0.98,-1.78,-4.06,-4.36,-7.15,-6.94
199709,9.02,8.79,9.43,9.05,10.4,8.02,7.11,7.92,9.12,9.95,5.61,6.26,7.05,7.27,9.25,2.49,4.54,4.38,6.06,8.18,5.95,4.24,5.98,4.55,6.08,5.34,2.54,0.44,1.48,8.58,8.35,8.99,8.610000000000001,9.96,7.579999999999999,6.67,7.4799999999999995,8.68,9.51,5.17,5.819999999999999,6.609999999999999,6.829999999999999,8.81,2.0500000000000003,4.1,3.94,5.619999999999999,7.739999999999999,5.51,3.8000000000000003,5.54,4.109999999999999,5.64
199710,-4.67,-1.86,-1.37,-0.11,-2.29,-5.82,-2.05,-2.44,-1.2,-5.18,-3.36,-5.28,-4.45,-2.7,-7.69,-5.42,-4.46,-4.43,-3.68,-3.99,-5.97,-1.22,-2.47,-2.85,-4.5,-3.8,-0.71,0.42,-0.54,-5.09,-2.2800000000000002,-1.79,-0.53,-2.71,-6.24,-2.4699999999999998,-2.86,-1.6199999999999999,-5.6,-3.78,-5.7,-4.87,-3.12,-8.110000000000001,-5.84,-4.88,-4.85,-4.1000000000000005,-4.41,-6.39,-1.64,-2.89,-3.27,-4.92
199711,-5.51,-1.2,-0.59,0.42,-0.89,-2.32,-0.96,-0.6,-0.16,-0.9,-3.52,0.41,0.66,-0.05,-1.82,2.14,3.39,2.4,2.41,-0.71,3.15,6.68,4.58,5.02,2.6,2.99,-5.11,0.39,0.42,-5.8999999999999995,-1.5899999999999999,-0.98,0.02999999999999997,-1.28,-2.71,-1.35,-0.99,-0.55,-1.29,-3.91,0.019999999999999962,0.27,-0.44,-2.21,1.75,3.0,2.01,2.02,-1.1,2.76,6.29,4.19,4.63,2.21
199712,-9.1,-2.62,0.03,2.15,0.63,-2.95,0.24,3.12,2.5,2.02,-3.38,1.64,1.31,5.55,1.06,-2.69,2.57,2.3,3.9,3.45,1.44,2.55,1.2,4.06,0.65,1.33,-2.48,0.48,3.93,-9.58,-3.1,-0.44999999999999996,1.67,0.15000000000000002,-3.43,-0.24,2.64,2.02,1.54,-3.86,1.16,0.8300000000000001,5.07,0.5800000000000001,-3.17,2.09,1.8199999999999998,3.42,2.97,0.96,2.07,0.72,3.5799999999999996,0.17000000000000004
199801,1.44,-0.05,-2.14,-2.06,-0.46,-0.16,-1.56,-2.11,-0.39,-1.92,0.36,-1.43,-1.76,-1.41,-2.46,-1.67,-0.29,-0.93,-0.29,-1.72,-0.22,-1.08,0.4,1.08,2.94,0.15,-1.01,0.43,0.08,1.01,-0.48,-2.5700000000000003,-2.49,-0.89,-0.59,-1.99,-2.54,-0.8200000000000001,-2.35,-0.07,-1.8599999999999999,-2.19,-1.8399999999999999,-2.89,-2.1,-0.72,-1.36,-0.72,-2.15,-0.65,-1.51,-0.02999999999999997,0.6500000000000001,2.51
199802,7.44,6.42,5.3,5.37,5.65,9.63,7.34,9.0,6.95,7.78,8.84,8.49,7.96,8.2,8.36,9.21,8.78,7.95,6.62,8.83,8.43,7.88,8.07,5.5,7.24,7.03,0.13,0.39,-1.19,7.050000000000001,6.03,4.91,4.98,5.260000000000001,9.24,6.95,8.61,6.5600000000000005,7.390000000000001,8.45,8.1,7.57,7.81,7.97,8.82,8.389999999999999,7.5600000000000005,6.23,8.44,8.04,7.49,7.680000000000001,5.11,6.8500000000000005
199803,3.36,3.6,5.25,5.12,5.74,4.5,3.09,5.59,5.0,6.0,3.19,5.25,4.99,3.44,5.68,1.25,5.54,4.28,4.28,5.01,4.02,3.69,5.51,5.84,6.05,4.76,-1.19,0.39,2.14,2.9699999999999998,3.21,4.86,4.73,5.3500000000000005,4.11,2.6999999999999997,5.2,4.61,5.61,2.8,4.86,4.6000000000000005,3.05,5.29,0.86,5.15,3.89,3.89,4.62,3.6299999999999994,3.3,5.12,5.45,5.66
199804,2.76,2.5,2.17,2.37,3.49,1.96,2.46,0.01,1.65,1.28,1.28,-0.05,0.18,0.39,1.4,2.34,-0.41,0.27,0.49,0.56,0.18,0.34,0.39,1.02,2.88,0.74,0.06,0.43,0.68,2.3299999999999996,2.07,1.74,1.9400000000000002,3.06,1.53,2.03,-0.42,1.22,0.8500000000000001,0.8500000000000001,-0.48,-0.25,-0.03999999999999998,0.97,1.91,-0.84,-0.15999999999999998,0.06,0.13000000000000006,-0.25,-0.08999999999999997,-0.03999999999999998,0.5900000000000001,2.4499999999999997
199805,-7.28,-3.75,-4.06,-3.82,-4.85,-7.59,-5.21,-3.83,-3.36,-5.33,-6.96,-5.74,-4.86,-5.55,-7.45,-5.85,-3.42,-3.9,-3.16,-4.31,-5.19,-2.17,-1.46,-2.09,-0.31,-3.07,-3.4,0.4,1.97,-7.680000000000001,-4.15,-4.46,-4.22,-5.25,-7.99,-5.61,-4.23,-3.76,-5.73,-7.36,-6.140000000000001,-5.260000000000001,-5.95,-7.8500000000000005,-6.25,-3.82,-4.3,-3.56,-4.71,-5.590000000000001,-2.57,-1.8599999999999999,-2.4899999999999998,-0.71
199806,-6.62,-4.08,-3.14,-1.31,-0.9,-5.3,-2.76,-0.76,1.34,4.42,-5.35,-2.76,0.09,1.98,4.66,-4.7,-4.28,0.7,2.37,6.26,0.4,1.97,2.34,6.38,8.22,3.19,-3.17,0.41,8.05,-7.03,-4.49,-3.5500000000000003,-1.72,-1.31,-5.71,-3.17,-1.17,0.9300000000000002,4.01,-5.76,-3.17,-0.31999999999999995,1.57,4.25,-5.11,-4.69,0.29,1.9600000000000002,5.85,-0.009999999999999953,1.56,1.93,5.97,7.8100000000000005
199807,-9.36,-7.09,-5.32,-4.8,-3.99,-11.47,-9.04,-6.52,-6.18,-5.92,-9.58,-7.2,-9.21,-6.06,-6.94,-8.32,-5.99,-6.51,-5.96,-2.58,-3.11,0.69,-3.49,-0.31,1.68,-2.42,-4.82,0.4,3.79,-9.76,-7.49,-5.720000000000001,-5.2,-4.390000000000001,-11.870000000000001,-9.44,-6.92,-6.58,-6.32,-9.98,-7.6000000000000005,-9.610000000000001,-6.46,-7.340000000000001,-8.72,-6.390000000000001,-6.91,-6.36,-2.98,-3.51,0.2899999999999999,-3.89,-0.71,1.2799999999999998
199808,-24.91,-19.62,-18.36,-17.66,-22.17,-25.71,-19.92,-17.31,-16.19,-21.56,-23.34,-21.17,-15.0,-17.06,-21.3,-23.62,-17.55,-16.42,-14.88,-19.45,-16.25,-11.51,-16.92,-13.7,-14.66,-16.05,-5.46,0.43,1.87,-25.34,-20.05,-18.79,-18.09,-22.6,-26.14,-20.35,-17.74,-16.62,-21.99,-23.77,-21.6,-15.43,-17.49,-21.73,-24.05,-17.98,-16.85,-15.31,-19.88,-16.68,-11.94,-17.35,-14.129999999999999,-15.09
199809,5.07,3.93,3.94,2.31,6.69,5.24,6.99,3.56,6.84,12.62,10.27,3.6,5.02,5.31,8.96,10.91,5.67,5.43,5.99,9.17,12.77,11.33,6.89,5.56,6.11,6.19,0.0,0.46,-0.69,4.61,3.47,3.48,1.85,6.23,4.78,6.53,3.1,6.38,12.159999999999998,9.809999999999999,3.14,4.56,4.85,8.5,10.45,5.21,4.97,5.53,8.709999999999999,12.309999999999999,10.87,6.43,5.1,5.65
199810,5.53,2.64,2.31,0.78,1.92,10.95,3.38,4.79,3.11,1.56,12.06,6.62,4.31,1.5,3.96,17.15,11.68,6.07,7.61,1.57,11.64,9.5,8.02,9.9,6.07,6.98,-2.97,0.32,-5.34,5.21,2.3200000000000003,1.99,0.46,1.5999999999999999,10.629999999999999,3.06,4.47,2.79,1.24,11.74,6.3,3.9899999999999998,1.18,3.64,16.83,11.36,5.75,7.29,1.25,11.32,9.18,7.699999999999999,9.58,5.75
199811,9.4,8.21,6.68,5.15,8.83,4.36,7.69,4.12,6.81,7.31,0.72,6.48,6.16,5.5,7.52,-1.7,5.13,5.03,5.13,5.69,6.2,9.79,6.73,5.41,6.57,6.07,1.22,0.31,1.14,9.09,7.900000000000001,6.37,4.840000000000001,8.52,4.050000000000001,7.380000000000001,3.81,6.5,7.0,0.41,6.170000000000001,5.8500000000000005,5.19,7.21,-2.01,4.82,4.720000000000001,4.82,5.380000000000001,5.890000000000001,9.479999999999999,6.420000000000001,5.1000000000000005,6.260000000000001
199812,-1.64,0.48,2.14,3.39,6.34,0.97,3.74,5.97,5.42,9.23,2.77,4.01,6.16,6.03,10.99,0.27,1.95,3.36,5.76,11.19,-1.81,-5.45,1.03,3.94,10.02,6.15,-0.47,0.38,8.88,-2.02,0.09999999999999998,1.7600000000000002,3.0100000000000002,5.96,0.59,3.3600000000000003,5.59,5.04,8.85,2.39,3.63,5.78,5.65,10.61,-0.10999999999999999,1.5699999999999998,2.98,5.38,10.809999999999999,-2.19,-5.83,0.65,3.56,9.639999999999999
199901,8.86,5.94,3.57,3.11,7.11,2.33,-1.07,0.05,-3.8,1.47,2.23,-2.61,-4.23,-2.62,5.01,-3.45,-3.79,-3.14,-1.37,4.91,0.69,-0.81,2.07,1.53,6.24,3.48,0.66,0.35,2.85,8.51,5.590000000000001,3.2199999999999998,2.76,6.760000000000001,1.98,-1.42,-0.3,-4.1499999999999995,1.12,1.88,-2.96,-4.58,-2.97,4.66,-3.8000000000000003,-4.14,-3.49,-1.7200000000000002,4.5600000000000005,0.33999999999999997,-1.1600000000000001,1.7199999999999998,1.1800000000000002,5.890000000000001
199902,-7.84,-6.01,-2.86,-4.67,-4.85,-9.18,-7.56,-7.75,-9.2,-7.28,-7.33,-8.14,-8.9,-7.13,-7.63,-2.65,-0.94,-3.51,-5.61,-6.2,-6.13,-1.16,-0.65,-1.73,-4.63,-4.08,-5.99,0.35,-0.08,-8.19,-6.359999999999999,-3.21,-5.02,-5.199999999999999,-9.53,-7.909999999999999,-8.1,-9.549999999999999,-7.63,-7.68,-8.49,-9.25,-7.4799999999999995,-7.9799999999999995,-3.0,-1.29,-3.86,-5.96,-6.55,-6.4799999999999995,-1.5099999999999998,-1.0,-2.08,-4.9799999999999995
199903,-1.45,-5.4,-4.09,-4.42,-1.98,4.11,-2.95,-3.12,-1.91,-0.42,11.19,-1.42,-0.95,-0.29,3.08,10.0,0.52,-1.34,-0.34,5.45,3.07,7.11,1.83,3.09,4.8,3.48,-3.87,0.43,-1.21,-1.88,-5.83,-4.52,-4.85,-2.41,3.68,-3.3800000000000003,-3.5500000000000003,-2.34,-0.85,10.76,-1.8499999999999999,-1.38,-0.72,2.65,9.57,0.09000000000000002,-1.77,-0.77,5.0200000000000005,2.6399999999999997,6.680000000000001,1.4000000000000001,2.6599999999999997,4.37
199904,13.68,8.46,6.78,6.91,13.1,14.6,11.67,7.29,4.6,11.57,16.83,8.89,6.09,6.4,3.15,17.29,15.38,12.4,7.53,4.8,11.0,13.68,11.14,9.0,0.2,4.34,3.88,0.37,-8.92,13.31,8.090000000000002,6.41,6.54,12.73,14.23,11.3,6.92,4.2299999999999995,11.200000000000001,16.459999999999997,8.520000000000001,5.72,6.03,2.78,16.919999999999998,15.010000000000002,12.030000000000001,7.16,4.43,10.63,13.31,10.770000000000001,8.63,-0.16999999999999998
199905,4.6,3.95,2.7,3.11,2.14,8.16,3.96,3.22,2.62,2.92,5.51,3.91,3.38,2.23,2.46,6.21,-0.02,0.37,0.88,0.13,3.21,2.37,-0.85,-1.39,-3.53,-2.46,3.34,0.34,-5.28,4.26,3.6100000000000003,2.3600000000000003,2.77,1.8,7.82,3.62,2.8800000000000003,2.2800000000000002,2.58,5.17,3.5700000000000003,3.04,1.89,2.12,5.87,-0.36000000000000004,0.02999999999999997,0.54,-0.21000000000000002,2.87,2.0300000000000002,-1.19,-1.73,-3.8699999999999997
199906,0.69,3.67,4.94,5.64,4.57,6.01,5.16,5.61,7.43,13.93,6.15,5.7,4.95,5.53,9.84,-0.08,3.09,1.58,3.85,7.44,4.77,-1.51,-0.93,1.53,7.19,4.77,3.21,0.4,4.66,0.2899999999999999,3.27,4.54,5.239999999999999,4.17,5.609999999999999,4.76,5.21,7.029999999999999,13.53,5.75,5.3,4.55,5.13,9.44,-0.48000000000000004,2.69,1.1800000000000002,3.45,7.04,4.369999999999999,-1.9100000000000001,-1.33,1.13,6.79
199907,0.59,1.97,1.7,3.08,2.32,-4.2,-1.24,-2.06,0.74,-0.9,-5.13,-3.23,-1.35,-0.74,-0.92,-5.21,-0.89,-3.05,-1.72,0.08,-10.2,-4.33,-3.56,-4.93,-2.14,-3.49,2.49,0.38,1.7,0.20999999999999996,1.5899999999999999,1.3199999999999998,2.7,1.94,-4.58,-1.62,-2.44,0.36,-1.28,-5.51,-3.61,-1.73,-1.12,-1.3,-5.59,-1.27,-3.4299999999999997,-2.1,-0.3,-10.58,-4.71,-3.94,-5.31,-2.52
199908,-4.41,-2.97,-2.24,-2.58,-1.58,-6.45,-4.57,-4.09,-2.41,-2.14,-8.64,-3.78,-3.68,-4.31,-1.52,-5.4,-6.8,-4.54,-4.2,0.0,-2.6,-1.38,-0.86,-0.35,-0.16,-1.37,-0.94,0.39,2.93,-4.8,-3.3600000000000003,-2.6300000000000003,-2.97,-1.9700000000000002,-6.84,-4.96,-4.4799999999999995,-2.8000000000000003,-2.5300000000000002,-9.030000000000001,-4.17,-4.07,-4.699999999999999,-1.9100000000000001,-5.79,-7.1899999999999995,-4.93,-4.59,-0.39,-2.99,-1.77,-1.25,-0.74,-0.55
199909,-3.72,-1.62,-2.45,-2.46,1.9,-3.84,-0.58,0.2,-2.19,1.53,-2.85,-2.62,-2.35,-1.33,3.49,-5.89,-5.79,-4.27,0.02,0.06,-6.29,-10.14,-5.49,-0.99,-0.79,-2.77,3.13,0.39,6.4,-4.11,-2.0100000000000002,-2.8400000000000003,-2.85,1.5099999999999998,-4.2299999999999995,-0.97,-0.19,-2.58,1.1400000000000001,-3.24,-3.0100000000000002,-2.74,-1.7200000000000002,3.1,-6.279999999999999,-6.18,-4.659999999999999,-0.37,-0.33,-6.68,-10.530000000000001,-5.88,-1.38,-1.1800000000000002
199910,-5.7,-2.58,-1.48,-1.28,1.12,-5.23,-3.1,0.78,-2.08,2.8,-2.19,-0.94,-0.89,0.55,3.77,-0.48,1.76,3.48,1.06,7.95,2.28,4.43,8.15,7.85,7.05,6.09,-6.93,0.39,5.41,-6.09,-2.97,-1.87,-1.67,0.7300000000000001,-5.62,-3.49,0.39,-2.47,2.4099999999999997,-2.58,-1.33,-1.28,0.16000000000000003,3.38,-0.87,1.37,3.09,0.67,7.5600000000000005,1.8899999999999997,4.04,7.760000000000001,7.46,6.66
199911,9.13,3.77,4.88,8.29,18.11,3.99,4.42,2.15,6.46,12.84,8.5,2.02,-0.57,4.8,10.39,2.66,-0.79,-1.05,1.04,9.63,3.91,-2.09,-2.02,0.0,6.55,3.41,6.84,0.36,5.5,8.770000000000001,3.41,4.52,7.929999999999999,17.75,3.6300000000000003,4.06,1.79,6.1,12.48,8.14,1.6600000000000001,-0.9299999999999999,4.4399999999999995,10.030000000000001,2.3000000000000003,-1.15,-1.4100000000000001,0.68,9.270000000000001,3.5500000000000003,-2.4499999999999997,-2.38,-0.36,6.1899999999999995
199912,6.77,2.57,4.58,6.48,19.91,7.0,0.87,4.62,9.68,17.58,9.73,4.31,0.74,1.59,18.48,2.69,0.94,0.28,7.49,15.71,-3.1,-5.81,-3.36,-1.26,15.21,7.66,6.52,0.44,13.15,6.329999999999999,2.13,4.14,6.04,19.47,6.56,0.43,4.18,9.24,17.139999999999997,9.290000000000001,3.8699999999999997,0.3,1.1500000000000001,18.04,2.25,0.49999999999999994,-0.15999999999999998,7.05,15.270000000000001,-3.54,-6.25,-3.8,-1.7,14.770000000000001
200001,9.37,3.46,4.87,4.96,12.43,-1.51,-6.25,-3.88,-2.44,3.46,-6.3,-7.61,-2.92,-5.35,0.75,-5.46,-4.04,-5.98,-6.17,-2.27,-4.19,-4.7,-0.85,-2.42,-6.44,-4.74,5.12,0.41,1.84,8.959999999999999,3.05,4.46,4.55,12.02,-1.92,-6.66,-4.29,-2.85,3.05,-6.71,-8.02,-3.33,-5.76,0.34,-5.87,-4.45,-6.390000000000001,-6.58,-2.68,-4.6000000000000005,-5.11,-1.26,-2.83,-6.8500000000000005
200002,8.88,5.17,4.68,16.39,31.58,8.31,2.84,5.2,9.48,28.89,-0.5,-0.27,0.24,1.85,25.79,-3.9,-7.24,-5.06,-3.48,24.2,-9.57,-8.98,-9.09,-5.16,8.7,2.46,21.34,0.43,18.05,8.450000000000001,4.74,4.25,15.96,31.15,7.880000000000001,2.4099999999999997,4.7700000000000005,9.05,28.46,-0.9299999999999999,-0.7,-0.19,1.4200000000000002,25.36,-4.33,-7.67,-5.489999999999999,-3.91,23.77,-10.0,-9.41,-9.52,-5.59,8.27
200003,-1.46,-2.45,-0.56,-0.15,1.0,0.76,0.84,0.7,0.45,-3.03,12.46,12.48,6.45,8.45,-2.81,11.94,13.95,14.54,12.48,-6.52,14.92,11.68,11.16,9.16,5.77,5.21,-17.39,0.47,-6.86,-1.93,-2.92,-1.03,-0.62,0.53,0.29000000000000004,0.37,0.22999999999999998,-0.019999999999999962,-3.5,11.99,12.01,5.98,7.9799999999999995,-3.2800000000000002,11.469999999999999,13.479999999999999,14.069999999999999,12.01,-6.989999999999999,14.45,11.209999999999999,10.69,8.69,5.3
200004,-12.04,-3.9,-3.39,-3.79,-17.54,-4.74,2.19,1.4,-2.02,-16.39,-2.46,-1.37,0.26,-0.08,-14.52,-1.16,0.69,2.18,-2.08,-6.88,0.75,3.81,-2.52,-6.34,-7.35,-6.39,-6.03,0.46,-8.59,-12.5,-4.36,-3.85,-4.25,-18.0,-5.2,1.73,0.94,-2.48,-16.85,-2.92,-1.83,-0.2,-0.54,-14.98,-1.6199999999999999,0.22999999999999993,1.7200000000000002,-2.54,-7.34,0.29,3.35,-2.98,-6.8,-7.81
200005,-9.43,-5.69,-3.13,-4.2,-11.21,-2.51,-4.08,-1.53,-1.09,-10.77,1.14,2.09,-0.59,-1.04,-7.48,1.85,4.11,1.13,0.95,-5.64,6.42,5.72,0.78,-0.73,-8.72,-4.39,-6.07,0.5,-8.93,-9.93,-6.19,-3.63,-4.7,-11.71,-3.01,-4.58,-2.0300000000000002,-1.59,-11.27,0.6399999999999999,1.5899999999999999,-1.0899999999999999,-1.54,-7.98,1.35,3.6100000000000003,0.6299999999999999,0.44999999999999996,-6.14,5.92,5.22,0.28,-1.23,-9.22
200006,1.41,2.57,1.4,5.15,18.73,4.95,3.44,2.69,5.76,30.14,-0.77,0.37,1.18,0.25,16.95,-6.14,-6.01,-3.91,-2.38,12.53,-9.15,-4.21,2.49,-0.27,8.69,4.68,12.69,0.4,16.64,1.0099999999999998,2.17,0.9999999999999999,4.75,18.330000000000002,4.55,3.04,2.29,5.359999999999999,29.740000000000002,-1.17,-0.030000000000000027,0.7799999999999999,-0.15000000000000002,16.55,-6.54,-6.41,-4.3100000000000005,-2.78,12.129999999999999,-9.55,-4.61,2.0900000000000003,-0.67,8.29
200007,-0.9,-0.64,-0.57,1.45,-4.18,0.15,0.3,1.75,0.95,-7.75,0.4,3.65,0.77,4.86,-8.96,-3.34,0.75,1.35,3.63,-7.03,-0.48,-4.43,-2.95,0.16,-1.38,-2.48,-2.82,0.48,-0.18,-1.38,-1.12,-1.0499999999999998,0.97,-4.66,-0.32999999999999996,-0.18,1.27,0.47,-8.23,-0.07999999999999996,3.17,0.29000000000000004,4.380000000000001,-9.440000000000001,-3.82,0.27,0.8700000000000001,3.15,-7.51,-0.96,-4.91,-3.43,-0.31999999999999995,-1.8599999999999999
200008,5.37,3.87,3.73,3.82,11.17,5.31,4.48,4.74,5.85,12.72,4.71,2.44,4.25,8.31,13.97,10.38,6.72,5.0,5.51,13.12,8.42,3.39,4.13,3.46,10.53,7.03,-0.5,0.5,5.61,4.87,3.37,3.23,3.32,10.67,4.81,3.9800000000000004,4.24,5.35,12.22,4.21,1.94,3.75,7.8100000000000005,13.47,9.88,6.22,4.5,5.01,12.62,7.92,2.89,3.63,2.96,10.03
200009,-9.04,-2.37,-0.44,-0.41,-3.4,-10.31,-2.89,0.02,-0.24,-2.58,-6.73,-3.34,0.36,-4.32,-3.59,-9.62,-2.83,2.35,1.23,-7.18,-1.28,-3.04,-1.36,1.86,-8.95,-5.44,-1.72,0.51,1.89,-9.549999999999999,-2.88,-0.95,-0.9199999999999999,-3.91,-10.82,-3.4000000000000004,-0.49,-0.75,-3.09,-7.24,-3.8499999999999996,-0.15000000000000002,-4.83,-4.1,-10.129999999999999,-3.34,1.84,0.72,-7.6899999999999995,-1.79,-3.55,-1.87,1.35,-9.459999999999999
200010,-9.01,-4.11,-4.51,-6.9,-9.74,-11.59,-2.39,-0.23,-3.34,-7.42,-9.24,-1.62,1.61,-1.61,-6.96,-1.92,5.97,1.05,-1.55,-3.06,6.64,5.83,0.97,0.04,-5.96,-2.78,-3.83,0.56,-4.51,-9.57,-4.67,-5.07,-7.460000000000001,-10.3,-12.15,-2.95,-0.79,-3.9,-7.98,-9.8,-2.18,1.05,-2.17,-7.52,-2.48,5.41,0.49,-2.1100000000000003,-3.62,6.08,5.27,0.4099999999999999,-0.52,-6.52
200011,-19.46,-7.34,-4.89,-7.35,-14.84,-17.51,-5.23,-4.83,-7.98,-16.06,-18.03,-5.23,-0.79,-5.37,-13.9,-12.03,-2.15,-1.11,-5.12,-17.13,-12.31,-4.32,-4.41,-5.37,-19.56,-10.7,-3.07,0.51,-2.18,-19.970000000000002,-7.85,-5.3999999999999995,-7.859999999999999,-15.35,-18.020000000000003,-5.74,-5.34,-8.49,-16.57,-18.540000000000003,-5.74,-1.3,-5.88,-14.41,-12.54,-2.66,-1.62,-5.63,-17.64,-12.82,-4.83,-4.92,-5.88,-20.07
200012,-7.68,1.33,1.67,-2.22,-1.84,-0.23,5.21,7.92,7.05,8.4,3.04,8.38,8.66,10.81,11.09,3.33,6.15,6.93,7.91,11.93,-6.17,2.55,3.33,-1.69,3.0,1.18,0.85,0.5,6.62,-8.18,0.8300000000000001,1.17,-2.72,-2.34,-0.73,4.71,7.42,6.55,7.9,2.54,7.880000000000001,8.16,10.31,10.59,2.83,5.65,6.43,7.41,11.43,-6.67,2.05,2.83,-2.19,2.5
200101,48.57,16.15,10.91,12.73,14.08,28.12,13.44,7.4,7.59,3.69,28.71,11.05,6.45,-2.7,-2.55,23.88,8.55,3.07,-0.85,-6.97,29.75,10.16,0.82,-2.3,-7.07,3.25,6.39,0.54,-25.36,48.03,15.61,10.370000000000001,12.190000000000001,13.54,27.580000000000002,12.899999999999999,6.86,7.05,3.15,28.17,10.510000000000002,5.91,-3.24,-3.09,23.34,8.010000000000002,2.53,-1.3900000000000001,-7.51,29.21,9.620000000000001,0.2799999999999999,-2.84,-7.61
200102,-14.82,-1.04,-0.23,-1.48,-2.63,-19.44,-5.12,-1.33,-3.68,-6.59,-18.27,-6.99,-3.61,-4.01,-5.08,-21.36,-9.17,-3.21,-0.94,-5.02,-18.76,-12.23,-8.09,-5.17,-4.26,-10.03,-0.64,0.38,12.68,-15.200000000000001,-1.42,-0.61,-1.8599999999999999,-3.01,-19.82,-5.5,-1.71,-4.0600000000000005,-6.97,-18.65,-7.37,-3.9899999999999998,-4.39,-5.46,-21.74,-9.55,-3.59,-1.3199999999999998,-5.3999999999999995,-19.14,-12.610000000000001,-8.47,-5.55,-4.64
200103,-12.1,0.53,0.39,0.03,3.39,-11.96,-2.73,-2.43,-2.13,-1.82,-15.51,-5.64,-3.11,-3.28,-2.46,-21.01,-9.49,-3.64,-2.75,-4.86,-12.79,-7.39,-5.22,-4.68,-2.04,-7.25,0.27,0.42,8.58,-12.52,0.11000000000000004,-0.02999999999999997,-0.39,2.97,-12.38,-3.15,-2.85,-2.55,-2.24,-15.93,-6.06,-3.53,-3.6999999999999997,-2.88,-21.430000000000003,-9.91,-4.0600000000000005,-3.17,-5.28,-13.209999999999999,-7.81,-5.64,-5.1,-2.46
200104,7.24,4.59,4.48,2.66,7.74,13.86,9.18,7.03,4.69,10.9,25.09,10.16,7.85,3.58,6.0,25.52,10.13,8.53,8.07,7.1,15.78,8.84,4.58,3.23,4.0,7.93,0.47,0.39,-7.96,6.8500000000000005,4.2,4.090000000000001,2.27,7.3500000000000005,13.469999999999999,8.79,6.640000000000001,4.300000000000001,10.51,24.7,9.77,7.46,3.19,5.61,25.13,9.74,8.139999999999999,7.680000000000001,6.71,15.389999999999999,8.45,4.19,2.84,3.61
200105,8.19,9.51,10.37,11.33,12.25,4.67,5.09,4.96,4.02,5.69,1.61,3.82,2.95,2.68,1.67,-3.12,3.94,3.87,4.8,1.76,-4.24,0.79,1.61,3.46,2.24,0.68,2.49,0.32,2.43,7.869999999999999,9.19,10.049999999999999,11.01,11.93,4.35,4.77,4.64,3.6999999999999997,5.37,1.29,3.5,2.6300000000000003,2.3600000000000003,1.3499999999999999,-3.44,3.62,3.5500000000000003,4.4799999999999995,1.44,-4.5600000000000005,0.47000000000000003,1.29,3.14,1.9200000000000002
200106,1.24,4.14,4.95,3.62,4.19,7.96,8.28,7.84,7.31,5.04,0.58,1.86,-0.23,2.12,4.28,-0.67,-0.64,-0.18,-1.56,0.13,-1.26,-3.96,-0.71,-3.37,-2.63,-1.94,6.32,0.28,0.61,0.96,3.8599999999999994,4.67,3.34,3.91,7.68,7.999999999999999,7.56,7.029999999999999,4.76,0.29999999999999993,1.58,-0.51,1.84,4.0,-0.9500000000000001,-0.92,-0.46,-1.84,-0.15000000000000002,-1.54,-4.24,-0.99,-3.6500000000000004,-2.91
200107,-7.43,-0.97,1.39,2.28,1.51,-10.87,-6.19,-2.52,-2.08,-2.78,-13.92,-4.91,-1.45,0.95,-1.82,-9.13,-3.13,-0.31,2.53,2.16,-4.55,-0.89,-1.02,1.84,-1.42,-2.13,-4.06,0.3,5.47,-7.7299999999999995,-1.27,1.0899999999999999,1.9799999999999998,1.21,-11.17,-6.49,-2.82,-2.38,-3.0799999999999996,-14.22,-5.21,-1.75,0.6499999999999999,-2.12,-9.430000000000001,-3.4299999999999997,-0.61,2.23,1.86,-4.85,-1.19,-1.32,1.54,-1.72
200108,-7.71,-0.48,-0.18,-1.68,0.1,-9.43,-1.77,-0.04,-1.3,-4.1,-12.62,-2.88,-0.51,-1.67,-3.43,-12.13,-5.47,-1.58,-0.68,-4.95,-10.92,-6.78,-4.11,-2.09,-3.49,-6.4,2.19,0.31,5.49,-8.02,-0.79,-0.49,-1.99,-0.21,-9.74,-2.08,-0.35,-1.61,-4.409999999999999,-12.93,-3.19,-0.8200000000000001,-1.98,-3.74,-12.440000000000001,-5.779999999999999,-1.8900000000000001,-0.99,-5.26,-11.23,-7.09,-4.42,-2.4,-3.8000000000000003
200109,-20.4,-13.13,-9.65,-7.41,-8.24,-25.25,-17.15,-12.4,-13.01,-9.31,-25.34,-15.91,-10.57,-9.42,-8.29,-23.93,-16.35,-10.09,-9.44,-8.65,-17.44,-6.85,-2.72,-3.86,-3.98,-9.24,-6.23,0.28,11.4,-20.68,-13.41,-9.93,-7.69,-8.52,-25.53,-17.43,-12.68,-13.29,-9.59,-25.62,-16.19,-10.85,-9.7,-8.569999999999999,-24.21,-16.630000000000003,-10.37,-9.719999999999999,-8.93,-17.720000000000002,-7.13,-3.0,-4.14,-4.26
200110,14.23,7.24,5.03,3.47,6.5,19.6,5.4,4.78,3.85,5.77,18.99,6.43,6.39,2.27,4.56,21.76,5.41,1.32,1.47,-0.2,5.83,1.29,0.1,-1.69,-0.12,2.48,7.49,0.22,-8.4,14.01,7.0200000000000005,4.8100000000000005,3.25,6.28,19.380000000000003,5.180000000000001,4.5600000000000005,3.63,5.55,18.77,6.21,6.17,2.05,4.34,21.540000000000003,5.19,1.1,1.25,-0.42000000000000004,5.61,1.07,-0.12,-1.91,-0.33999999999999997
200111,14.46,4.15,7.17,6.87,5.12,16.11,11.74,6.27,5.47,6.05,17.01,8.31,7.33,7.26,5.03,15.82,10.49,7.59,5.38,2.57,15.99,7.31,3.96,4.46,6.05,7.53,-0.57,0.17,-8.62,14.290000000000001,3.9800000000000004,7.0,6.7,4.95,15.94,11.57,6.1,5.3,5.88,16.84,8.14,7.16,7.09,4.86,15.65,10.32,7.42,5.21,2.4,15.82,7.14,3.79,4.29,5.88
200112,12.04,8.66,7.31,5.28,5.84,10.91,5.89,6.64,6.75,6.85,7.17,7.57,6.84,5.86,4.57,3.12,5.77,5.91,3.91,4.33,-1.83,0.41,2.48,1.64,2.67,1.61,4.72,0.15,0.05,11.889999999999999,8.51,7.159999999999999,5.13,5.6899999999999995,10.76,5.739999999999999,6.489999999999999,6.6,6.699999999999999,7.02,7.42,6.6899999999999995,5.71,4.42,2.97,5.619999999999999,5.76,3.7600000000000002,4.18,-1.98,0.26,2.33,1.49,2.52
200201,-2.76,0.49,1.89,2.98,3.2,-7.1,-0.36,-1.48,0.51,1.21,-9.37,-2.52,-0.3,-0.44,0.06,-5.44,-1.03,1.17,-0.67,0.99,-0.23,-2.76,-0.31,0.56,-2.7,-1.44,1.17,0.14,3.66,-2.9,0.35,1.75,2.84,3.06,-7.239999999999999,-0.5,-1.62,0.37,1.0699999999999998,-9.51,-2.66,-0.44,-0.5800000000000001,-0.08000000000000002,-5.58,-1.17,1.0299999999999998,-0.81,0.85,-0.37,-2.9,-0.45,0.42000000000000004,-2.8400000000000003
200202,-11.4,-2.86,-1.06,-1.95,-1.92,-13.0,-1.19,-1.47,-1.06,-2.35,-9.39,0.06,0.02,0.04,-0.57,-13.34,-0.13,-0.11,1.07,2.47,-8.8,-0.53,-1.01,1.45,-1.83,-2.3,-1.08,0.13,6.88,-11.530000000000001,-2.9899999999999998,-1.19,-2.08,-2.05,-13.13,-1.3199999999999998,-1.6,-1.19,-2.48,-9.520000000000001,-0.07,-0.11,-0.09,-0.7,-13.47,-0.26,-0.24,0.9400000000000001,2.3400000000000003,-8.930000000000001,-0.66,-1.1400000000000001,1.3199999999999998,-1.96
200203,11.63,8.07,7.05,7.98,9.91,11.03,10.53,8.4,8.98,9.23,14.43,7.35,8.16,5.06,6.06,9.83,7.0,7.55,5.97,4.53,2.57,3.54,4.1,3.1,5.27,4.24,4.09,0.13,-1.66,11.5,7.94,6.92,7.8500000000000005,9.78,10.899999999999999,10.399999999999999,8.27,8.85,9.1,14.299999999999999,7.22,8.03,4.93,5.93,9.7,6.87,7.42,5.84,4.4,2.44,3.41,3.9699999999999998,2.97,5.14
200204,-5.08,0.56,3.7,3.04,2.47,-7.26,-1.36,4.27,2.58,0.62,-8.6,-2.14,-1.28,1.88,2.1,-9.08,-0.88,-2.15,0.94,0.65,-11.44,-8.12,-4.11,-1.2,-2.76,-5.21,5.82,0.15,7.69,-5.23,0.41000000000000003,3.5500000000000003,2.89,2.3200000000000003,-7.41,-1.51,4.119999999999999,2.43,0.47,-8.75,-2.29,-1.43,1.73,1.9500000000000002,-9.23,-1.03,-2.3,0.7899999999999999,0.5,-11.59,-8.27,-4.260000000000001,-1.3499999999999999,-2.9099999999999997
200205,-10.25,-3.75,-1.43,-0.83,0.88,-9.2,-4.85,-3.91,-3.29,-4.45,-10.54,-3.03,-3.51,-1.79,-4.13,-4.14,-0.73,-0.45,-0.29,-1.03,-1.86,-0.75,-0.58,-0.65,1.87,-1.36,-3.27,0.14,3.12,-10.39,-3.89,-1.5699999999999998,-0.97,0.74,-9.34,-4.989999999999999,-4.05,-3.43,-4.59,-10.68,-3.17,-3.65,-1.9300000000000002,-4.27,-4.279999999999999,-0.87,-0.5900000000000001,-0.43,-1.17,-2.0,-0.89,-0.72,-0.79,1.73
200206,-12.87,-5.36,-1.47,0.9,-0.62,-12.75,-5.55,-0.99,-2.13,-1.02,-13.65,-8.12,-6.0,-5.71,-5.99,-19.47,-6.37,-7.26,-5.81,-4.64,-9.18,-5.41,-8.47,-4.59,-2.03,-7.23,4.08,0.13,6.22,-13.0,-5.49,-1.6,0.77,-0.75,-12.88,-5.68,-1.12,-2.26,-1.15,-13.780000000000001,-8.25,-6.13,-5.84,-6.12,-19.599999999999998,-6.5,-7.39,-5.9399999999999995,-4.77,-9.31,-5.54,-8.600000000000001,-4.72,-2.1599999999999997
200207,-19.39,-14.54,-13.2,-10.6,-11.36,-21.04,-15.24,-14.52,-11.66,-14.65,-11.65,-13.29,-10.38,-7.7,-11.08,-15.25,-10.56,-8.59,-7.4,-8.66,-6.57,-8.18,-6.75,-5.52,-6.85,-8.19,-5.24,0.15,3.65,-19.54,-14.69,-13.35,-10.75,-11.51,-21.189999999999998,-15.39,-14.67,-11.81,-14.8,-11.8,-13.44,-10.530000000000001,-7.8500000000000005,-11.23,-15.4,-10.71,-8.74,-7.550000000000001,-8.81,-6.720000000000001,-8.33,-6.9,-5.67,-7.0
200208,-3.49,-1.13,-0.39,0.4,-0.4,-1.27,-0.42,0.52,1.61,1.07,0.06,0.27,2.9,2.69,0.96,-0.33,-0.18,-0.51,0.3,1.51,-1.12,1.35,1.47,1.74,2.56,0.5,-2.79,0.14,1.84,-3.6300000000000003,-1.27,-0.53,0.26,-0.54,-1.4100000000000001,-0.56,0.38,1.4700000000000002,0.93,-0.08000000000000002,0.13,2.76,2.55,0.82,-0.47000000000000003,-0.32,-0.65,0.15999999999999998,1.37,-1.2600000000000002,1.21,1.33,1.6,2.42
200209,-13.94,-7.59,-7.01,-4.84,-5.4,-15.02,-9.37,-6.55,-3.83,-4.36,-17.5,-9.53,-5.17,-4.24,-5.21,-20.53,-12.7,-6.86,-6.46,-5.62,-16.11,-12.71,-8.79,-7.77,-3.26,-10.34,2.42,0.14,9.0,-14.08,-7.7299999999999995,-7.1499999999999995,-4.9799999999999995,-5.54,-15.16,-9.51,-6.6899999999999995,-3.97,-4.5,-17.64,-9.67,-5.31,-4.38,-5.35,-20.67,-12.84,-7.0,-6.6,-5.76,-16.25,-12.850000000000001,-8.93,-7.909999999999999,-3.4
200210,6.93,3.06,1.22,3.43,4.14,8.95,3.59,0.96,3.92,3.51,11.72,2.96,2.91,2.28,6.11,7.07,7.47,3.99,4.0,4.46,14.43,11.16,4.06,5.0,5.53,7.84,-3.4,0.14,-5.47,6.79,2.92,1.08,3.29,3.9999999999999996,8.809999999999999,3.4499999999999997,0.82,3.78,3.3699999999999997,11.58,2.82,2.77,2.1399999999999997,5.970000000000001,6.930000000000001,7.33,3.85,3.86,4.32,14.29,11.02,3.9199999999999995,4.86,5.390000000000001
200211,28.21,13.61,7.52,6.15,6.33,24.16,10.7,3.76,4.95,3.08,26.0,8.91,5.34,3.19,3.38,26.41,11.47,6.45,3.71,0.18,11.43,6.39,1.52,1.19,-4.1,5.96,3.25,0.12,-16.45,28.09,13.49,7.3999999999999995,6.03,6.21,24.04,10.58,3.6399999999999997,4.83,2.96,25.88,8.790000000000001,5.22,3.07,3.26,26.29,11.350000000000001,6.33,3.59,0.06,11.31,6.27,1.4,1.0699999999999998,-4.22
200212,-11.18,-5.64,-2.37,-1.16,-0.33,-13.8,-5.03,-1.96,-2.06,-0.99,-11.73,-7.25,-2.86,-1.19,-3.5,-13.47,-5.67,-4.68,-0.4,-1.67,-13.18,-8.28,-2.01,-2.69,0.28,-5.76,-0.03,0.11,9.71,-11.29,-5.75,-2.48,-1.27,-0.44,-13.91,-5.140000000000001,-2.07,-2.17,-1.1,-11.84,-7.36,-2.9699999999999998,-1.3,-3.61,-13.58,-5.78,-4.79,-0.51,-1.78,-13.29,-8.389999999999999,-2.1199999999999997,-2.8,0.17000000000000004
200301,-1.0,-1.09,-1.86,-0.23,0.23,-3.99,-5.34,-3.94,-3.21,-0.46,-4.52,-3.32,-2.14,-0.97,-3.14,-1.23,-3.04,-1.44,-2.47,-2.51,-2.23,-2.59,-3.61,-2.64,-0.37,-2.57,1.34,0.1,1.53,-1.1,-1.1900000000000002,-1.9600000000000002,-0.33,0.13,-4.09,-5.4399999999999995,-4.04,-3.31,-0.56,-4.619999999999999,-3.42,-2.24,-1.07,-3.24,-1.33,-3.14,-1.54,-2.5700000000000003,-2.61,-2.33,-2.69,-3.71,-2.74,-0.47
200302,-5.11,-2.73,-3.9,-1.07,-0.83,-3.39,-5.24,-3.91,-1.0,-2.86,-3.96,-5.05,-2.53,-2.08,-2.27,-0.18,-3.64,-3.14,-1.79,0.06,-0.18,-2.35,-0.83,-2.93,-0.53,-1.88,-0.41,0.09,1.21,-5.2,-2.82,-3.9899999999999998,-1.1600000000000001,-0.9199999999999999,-3.48,-5.33,-4.0,-1.09,-2.9499999999999997,-4.05,-5.14,-2.6199999999999997,-2.17,-2.36,-0.27,-3.73,-3.23,-1.8800000000000001,-0.03,-0.27,-2.44,-0.9199999999999999,-3.02,-0.62
200303,0.32,0.74,0.79,0.87,3.11,2.58,-1.52,0.62,1.01,2.07,1.63,0.0,-0.55,1.47,2.57,-0.24,-0.53,2.19,0.14,2.08,0.61,0.69,2.01,0.97,1.69,1.09,1.16,0.1,1.42,0.22,0.64,0.6900000000000001,0.77,3.01,2.48,-1.62,0.52,0.91,1.9699999999999998,1.5299999999999998,-0.1,-0.65,1.3699999999999999,2.4699999999999998,-0.33999999999999997,-0.63,2.09,0.04000000000000001,1.98,0.51,0.59,1.9099999999999997,0.87,1.5899999999999999
200304,17.36,11.64,6.9,7.43,7.38,18.33,13.64,9.17,6.87,7.52,20.45,9.54,9.62,8.52,6.38,16.17,9.03,8.18,5.41,6.14,17.4,13.46,6.06,6.15,4.37,8.18,0.75,0.1,-9.32,17.259999999999998,11.540000000000001,6.800000000000001,7.33,7.28,18.229999999999997,13.540000000000001,9.07,6.7700000000000005,7.42,20.349999999999998,9.44,9.52,8.42,6.28,16.07,8.93,8.08,5.3100000000000005,6.04,17.299999999999997,13.360000000000001,5.96,6.050000000000001,4.2700000000000005
200305,26.81,13.26,10.53,9.9,7.34,20.42,11.95,9.34,8.66,9.69,16.55,11.81,9.36,5.58,7.24,20.68,11.44,7.89,8.46,6.6,11.34,11.64,4.6,2.48,5.54,6.05,4.61,0.09,-10.72,26.72,13.17,10.44,9.81,7.25,20.330000000000002,11.86,9.25,8.57,9.6,16.46,11.72,9.27,5.49,7.15,20.59,11.35,7.8,8.370000000000001,6.51,11.25,11.55,4.51,2.39,5.45
200306,7.42,4.24,6.64,5.94,3.54,2.94,3.5,2.7,-0.24,3.45,3.08,2.02,1.02,0.89,1.85,1.0,1.13,1.72,0.45,1.68,5.21,1.7,0.73,1.35,1.06,1.42,1.69,0.1,-1.24,7.32,4.140000000000001,6.54,5.840000000000001,3.44,2.84,3.4,2.6,-0.33999999999999997,3.35,2.98,1.92,0.92,0.79,1.75,0.9,1.0299999999999998,1.6199999999999999,0.35,1.5799999999999998,5.11,1.5999999999999999,0.63,1.25,0.9600000000000001
200307,8.31,8.33,8.89,6.87,8.63,8.45,6.59,4.35,6.32,8.92,3.93,4.92,4.95,3.54,4.66,3.45,5.51,5.86,1.89,2.84,3.82,2.99,0.3,2.05,1.79,2.33,4.93,0.07,-0.28,8.24,8.26,8.82,6.8,8.56,8.379999999999999,6.52,4.279999999999999,6.25,8.85,3.8600000000000003,4.85,4.88,3.47,4.59,3.3800000000000003,5.4399999999999995,5.79,1.8199999999999998,2.77,3.75,2.9200000000000004,0.22999999999999998,1.9799999999999998,1.72
200308,5.09,5.29,3.86,5.64,4.24,6.38,4.81,3.76,4.32,5.31,6.94,5.26,4.59,4.28,6.29,4.42,3.71,4.39,6.39,4.66,3.52,1.5,2.25,0.5,1.78,2.33,2.44,0.07,-0.58,5.02,5.22,3.79,5.569999999999999,4.17,6.31,4.739999999999999,3.69,4.25,5.239999999999999,6.87,5.1899999999999995,4.52,4.21,6.22,4.35,3.64,4.319999999999999,6.319999999999999,4.59,3.45,1.43,2.18,0.43,1.71
200309,1.54,0.68,0.31,1.33,3.99,-1.62,-1.29,-0.43,-2.4,-2.95,-2.87,-2.04,-1.23,-1.38,-3.08,-1.17,-0.52,-0.56,-2.35,-1.15,-0.8,-0.57,-0.94,-2.76,-1.38,-1.24,0.85,0.08,-0.07,1.46,0.6000000000000001,0.22999999999999998,1.25,3.91,-1.7000000000000002,-1.37,-0.51,-2.48,-3.0300000000000002,-2.95,-2.12,-1.31,-1.46,-3.16,-1.25,-0.6,-0.64,-2.43,-1.23,-0.88,-0.6499999999999999,-1.02,-2.84,-1.46
200310,7.43,7.47,6.53,9.76,10.03,7.75,6.37,7.55,9.22,12.06,5.85,7.18,6.21,10.24,8.98,6.49,5.25,6.8,7.97,11.01,4.14,5.13,2.29,7.24,10.16,6.08,2.59,0.07,4.0,7.359999999999999,7.3999999999999995,6.46,9.69,9.959999999999999,7.68,6.3,7.4799999999999995,9.15,11.99,5.779999999999999,7.109999999999999,6.14,10.17,8.91,6.42,5.18,6.7299999999999995,7.8999999999999995,10.94,4.069999999999999,5.06,2.22,7.17,10.09
200311,3.69,3.52,4.3,4.94,4.78,2.61,3.09,4.48,3.91,3.26,2.63,3.89,3.1,2.48,4.11,1.89,2.47,2.66,2.59,3.75,1.13,0.72,0.38,-0.15,3.55,1.35,2.06,0.07,1.37,3.62,3.45,4.2299999999999995,4.87,4.71,2.54,3.02,4.41,3.8400000000000003,3.19,2.56,3.8200000000000003,3.0300000000000002,2.41,4.04,1.8199999999999998,2.4000000000000004,2.5900000000000003,2.52,3.68,1.0599999999999998,0.6499999999999999,0.31,-0.22,3.48
200312,6.15,2.68,3.0,2.73,2.33,5.8,5.59,2.18,1.44,0.6,7.11,5.72,1.8,1.43,-0.91,8.05,4.05,2.82,2.14,-0.1,7.93,5.75,4.29,2.83,0.52,4.29,-2.68,0.08,-5.53,6.07,2.6,2.92,2.65,2.25,5.72,5.51,2.1,1.3599999999999999,0.52,7.03,5.64,1.72,1.3499999999999999,-0.99,7.970000000000001,3.9699999999999998,2.7399999999999998,2.06,-0.18,7.85,5.67,4.21,2.75,0.44
200401,5.72,4.64,4.89,6.76,9.2,1.26,1.28,3.47,4.0,8.13,2.17,3.39,3.3,1.84,4.85,2.88,3.01,1.99,3.03,3.42,1.2,2.18,1.32,1.64,2.13,2.15,2.54,0.07,2.56,5.6499999999999995,4.569999999999999,4.819999999999999,6.6899999999999995,9.129999999999999,1.19,1.21,3.4000000000000004,3.93,8.06,2.1,3.3200000000000003,3.23,1.77,4.779999999999999,2.81,2.94,1.92,2.96,3.35,1.13,2.1100000000000003,1.25,1.5699999999999998,2.06
200402,1.37,1.1,1.58,1.13,-0.76,0.17,0.8,0.26,1.7,-0.66,3.23,2.7,3.39,3.23,-0.51,2.51,3.43,2.96,0.27,0.59,1.58,1.6,2.11,1.54,-0.52,1.4,-1.57,0.06,-1.18,1.31,1.04,1.52,1.0699999999999998,-0.8200000000000001,0.11000000000000001,0.74,0.2,1.64,-0.72,3.17,2.64,3.33,3.17,-0.5700000000000001,2.4499999999999997,3.37,2.9,0.21000000000000002,0.53,1.52,1.54,2.05,1.48,-0.5800000000000001
200403,-0.11,1.23,1.38,-1.06,-1.21,0.79,1.21,0.31,1.63,-1.05,-0.08,1.89,0.16,1.22,0.74,-1.1,-0.13,0.33,0.02,0.19,-2.79,-0.92,-1.45,-1.32,-0.32,-1.32,1.73,0.09,0.2,-0.2,1.14,1.2899999999999998,-1.1500000000000001,-1.3,0.7000000000000001,1.1199999999999999,0.22,1.5399999999999998,-1.1400000000000001,-0.16999999999999998,1.7999999999999998,0.07,1.13,0.65,-1.1900000000000002,-0.22,0.24000000000000002,-0.06999999999999999,0.1,-2.88,-1.01,-1.54,-1.4100000000000001,-0.41000000000000003
200404,-1.95,-1.14,-2.74,-4.61,-5.72,-2.85,-1.92,-4.34,-3.89,-9.57,-1.76,-1.76,-1.51,-4.45,-4.8,-0.04,-1.5,-2.29,-3.33,-6.99,1.27,-0.15,-2.44,-5.0,-3.64,-1.81,-1.73,0.08,-5.37,-2.03,-1.22,-2.8200000000000003,-4.69,-5.8,-2.93,-2.0,-4.42,-3.97,-9.65,-1.84,-1.84,-1.59,-4.53,-4.88,-0.12,-1.58,-2.37,-3.41,-7.07,1.19,-0.22999999999999998,-2.52,-5.08,-3.72
200405,-2.53,-1.27,0.85,-0.48,-0.19,0.47,1.7,-0.09,2.31,3.0,0.21,1.21,1.7,1.86,3.24,1.78,2.35,2.23,1.85,3.91,0.19,2.0,0.23,2.81,1.66,1.18,-0.23,0.06,1.49,-2.59,-1.33,0.79,-0.54,-0.25,0.41,1.64,-0.15,2.25,2.94,0.15,1.15,1.64,1.8,3.18,1.72,2.29,2.17,1.79,3.85,0.13,1.94,0.17,2.75,1.5999999999999999
200406,3.33,3.63,6.13,3.74,2.91,2.77,5.59,5.2,4.77,6.46,0.16,2.47,3.5,4.65,4.24,0.75,2.33,1.07,3.13,3.21,0.76,1.8,0.34,4.59,3.18,1.85,2.25,0.08,2.06,3.25,3.55,6.05,3.66,2.83,2.69,5.51,5.12,4.6899999999999995,6.38,0.08,2.39,3.42,4.57,4.16,0.67,2.25,0.9900000000000001,3.05,3.13,0.68,1.72,0.26,4.51,3.1
200407,-9.45,-7.25,-5.24,-7.22,-9.66,-7.71,-5.88,-4.56,-6.48,-7.33,-7.09,-5.08,-3.99,-5.71,-6.34,-6.26,-5.22,-4.31,-4.32,-6.2,-2.49,-2.35,-2.0,-6.01,-8.45,-4.04,-3.75,0.1,-2.24,-9.549999999999999,-7.35,-5.34,-7.319999999999999,-9.76,-7.81,-5.9799999999999995,-4.659999999999999,-6.58,-7.43,-7.1899999999999995,-5.18,-4.09,-5.81,-6.4399999999999995,-6.359999999999999,-5.319999999999999,-4.409999999999999,-4.42,-6.3,-2.5900000000000003,-2.45,-2.1,-6.109999999999999,-8.549999999999999
200408,-1.19,-1.62,-0.7,-0.97,-2.35,-1.11,-0.82,1.15,-2.77,-3.01,-1.36,1.04,-0.5,-0.99,-3.14,0.18,0.24,0.85,-1.11,-2.05,1.23,0.42,0.36,-0.16,-0.14,0.07,-1.51,0.11,-1.56,-1.3,-1.7300000000000002,-0.8099999999999999,-1.08,-2.46,-1.2200000000000002,-0.9299999999999999,1.0399999999999998,-2.88,-3.1199999999999997,-1.4700000000000002,0.93,-0.61,-1.1,-3.25,0.06999999999999999,0.13,0.74,-1.2200000000000002,-2.1599999999999997,1.1199999999999999,0.31,0.25,-0.27,-0.25
200409,3.38,3.61,4.05,5.03,6.5,2.42,5.47,5.35,7.78,7.28,0.45,2.74,3.54,3.63,7.43,2.03,3.22,3.88,2.34,7.42,-0.74,-0.38,-0.08,4.34,7.55,1.6,2.99,0.11,5.5,3.27,3.5,3.94,4.92,6.39,2.31,5.359999999999999,5.239999999999999,7.67,7.17,0.34,2.6300000000000003,3.43,3.52,7.319999999999999,1.9199999999999997,3.1100000000000003,3.77,2.23,7.31,-0.85,-0.49,-0.19,4.2299999999999995,7.4399999999999995
200410,1.55,1.24,2.39,2.53,1.62,4.13,2.5,3.57,2.26,0.72,4.34,1.09,2.99,2.17,-1.49,3.36,2.67,1.67,3.03,1.8,3.35,0.96,0.14,0.05,3.76,1.42,0.14,0.11,-1.49,1.44,1.13,2.2800000000000002,2.42,1.51,4.02,2.39,3.46,2.15,0.61,4.2299999999999995,0.9800000000000001,2.8800000000000003,2.06,-1.6,3.25,2.56,1.5599999999999998,2.92,1.69,3.24,0.85,0.030000000000000013,-0.06,3.65
200411,9.18,8.11,8.09,9.07,11.79,8.45,8.93,8.38,9.45,9.54,7.59,5.94,6.37,6.66,10.05,5.77,5.0,6.13,6.13,7.25,0.42,4.37,3.67,5.4,7.9,4.53,3.73,0.15,3.11,9.03,7.959999999999999,7.9399999999999995,8.92,11.639999999999999,8.299999999999999,8.78,8.23,9.299999999999999,9.389999999999999,7.4399999999999995,5.79,6.22,6.51,9.9,5.619999999999999,4.85,5.9799999999999995,5.9799999999999995,7.1,0.27,4.22,3.52,5.25,7.75
200412,7.08,3.19,4.12,3.41,5.23,6.22,2.26,2.34,2.05,3.35,5.65,4.34,2.49,1.91,2.64,3.64,4.64,4.61,4.17,4.01,4.18,4.91,3.39,2.61,0.17,3.42,-0.04,0.16,-2.85,6.92,3.03,3.96,3.25,5.07,6.06,2.0999999999999996,2.1799999999999997,1.89,3.19,5.49,4.18,2.33,1.75,2.48,3.48,4.4799999999999995,4.45,4.01,3.8499999999999996,4.02,4.75,3.23,2.4499999999999997,0.010000000000000009
200501,-7.33,-3.68,-2.63,-2.07,-2.8,-8.57,-2.81,-3.58,-3.34,-1.48,-6.65,-3.41,-2.64,-2.26,-0.97,-5.62,-3.23,-1.52,-1.29,-0.61,-3.58,-2.4,-0.97,-1.23,-4.56,-2.75,-1.69,0.16,3.12,-7.49,-3.8400000000000003,-2.79,-2.23,-2.96,-8.73,-2.97,-3.74,-3.5,-1.64,-6.8100000000000005,-3.5700000000000003,-2.8000000000000003,-2.42,-1.13,-5.78,-3.39,-1.68,-1.45,-0.77,-3.74,-2.56,-1.13,-1.39,-4.72
200502,-1.68,0.37,0.18,0.84,3.82,1.61,1.57,1.76,2.2,3.74,0.91,-1.65,2.1,2.24,5.31,1.71,1.77,2.38,3.39,4.97,2.76,-0.61,0.31,8.41,2.97,1.88,-0.59,0.16,3.43,-1.8399999999999999,0.21,0.01999999999999999,0.6799999999999999,3.6599999999999997,1.4500000000000002,1.4100000000000001,1.6,2.04,3.58,0.75,-1.8099999999999998,1.9400000000000002,2.08,5.1499999999999995,1.55,1.61,2.2199999999999998,3.23,4.81,2.5999999999999996,-0.77,0.15,8.25,2.81
200503,-4.7,-2.38,-2.42,-2.55,-3.55,-4.07,-1.11,-2.87,-0.7,-4.06,-1.58,-2.06,-1.51,-1.11,-4.47,-1.9,0.21,-0.59,-0.99,-1.66,-2.98,-2.2,-0.43,-2.17,0.3,-1.94,-1.42,0.21,0.43,-4.91,-2.59,-2.63,-2.76,-3.76,-4.28,-1.32,-3.08,-0.9099999999999999,-4.27,-1.79,-2.27,-1.72,-1.32,-4.68,-2.11,0.0,-0.7999999999999999,-1.2,-1.8699999999999999,-3.19,-2.41,-0.64,-2.38,0.09
200504,-8.44,-4.99,-5.03,-5.05,-6.13,-8.51,-5.37,-5.55,-4.31,-6.94,-6.4,-4.38,-3.62,-4.04,-6.47,-4.83,-3.89,-2.27,-3.33,-4.58,0.26,-2.32,-0.6,-1.03,-5.59,-2.61,-3.95,0.21,-0.7,-8.65,-5.2,-5.24,-5.26,-6.34,-8.72,-5.58,-5.76,-4.52,-7.15,-6.61,-4.59,-3.83,-4.25,-6.68,-5.04,-4.1000000000000005,-2.48,-3.54,-4.79,0.05000000000000002,-2.53,-0.8099999999999999,-1.24,-5.8
200505,7.16,4.77,3.91,5.71,6.0,8.69,5.11,7.77,6.01,7.87,6.67,5.6,5.39,5.8,7.42,5.55,4.02,4.68,4.8,7.5,5.26,1.83,3.86,2.58,2.32,3.65,2.87,0.24,0.37,6.92,4.529999999999999,3.67,5.47,5.76,8.45,4.87,7.529999999999999,5.77,7.63,6.43,5.359999999999999,5.1499999999999995,5.56,7.18,5.31,3.7799999999999994,4.4399999999999995,4.56,7.26,5.02,1.59,3.62,2.34,2.08
200506,3.98,4.62,3.38,4.81,4.99,4.15,3.07,4.48,5.21,3.57,0.94,2.12,2.69,2.13,4.14,0.83,1.34,1.73,2.96,4.57,-0.68,-0.44,-1.28,0.31,3.65,0.58,2.52,0.23,2.08,3.75,4.39,3.15,4.579999999999999,4.76,3.9200000000000004,2.84,4.25,4.9799999999999995,3.34,0.71,1.8900000000000001,2.46,1.9,3.9099999999999997,0.6,1.11,1.5,2.73,4.34,-0.91,-0.67,-1.51,0.07999999999999999,3.42
200507,8.42,6.03,5.95,6.8,7.2,7.81,6.07,6.22,6.04,7.91,5.95,5.84,5.05,4.75,5.57,6.39,5.3,4.41,4.86,6.1,4.05,3.56,3.02,2.99,5.46,3.92,2.87,0.24,0.05,8.18,5.79,5.71,6.56,6.96,7.569999999999999,5.83,5.9799999999999995,5.8,7.67,5.71,5.6,4.81,4.51,5.33,6.1499999999999995,5.06,4.17,4.62,5.859999999999999,3.8099999999999996,3.3200000000000003,2.7800000000000002,2.75,5.22
200508,-1.59,-0.85,-2.0,-1.41,-0.23,-1.47,-3.18,-2.02,-0.75,-1.31,-1.97,-1.05,-2.38,-0.11,-0.51,-1.77,-1.01,-0.94,-0.52,-0.52,-3.59,-0.44,-1.5,0.15,2.49,-1.2,-1.07,0.3,2.05,-1.8900000000000001,-1.15,-2.3,-1.71,-0.53,-1.77,-3.48,-2.32,-1.05,-1.61,-2.27,-1.35,-2.6799999999999997,-0.41,-0.81,-2.07,-1.31,-1.24,-0.8200000000000001,-0.8200000000000001,-3.8899999999999997,-0.74,-1.8,-0.15,2.1900000000000004
200509,-0.38,-0.69,0.71,-0.1,2.12,-0.84,-0.9,0.59,0.19,2.43,-1.79,-0.17,1.15,0.48,2.91,-0.5,0.79,0.41,1.99,1.51,-1.02,-0.54,2.13,1.76,4.58,0.48,-0.62,0.29,3.46,-0.6699999999999999,-0.98,0.42,-0.39,1.83,-1.13,-1.19,0.3,-0.09999999999999998,2.14,-2.08,-0.45999999999999996,0.8599999999999999,0.19,2.62,-0.79,0.5,0.12,1.7,1.22,-1.31,-0.8300000000000001,1.8399999999999999,1.47,4.29
200510,-3.75,-1.89,-3.07,-2.02,-3.36,-4.42,-1.78,-1.38,-3.37,-3.72,-3.66,-0.36,-3.22,-2.46,-3.6,-3.21,-1.62,-1.88,-2.0,-6.39,0.75,-0.16,-1.21,-4.27,-2.79,-2.04,-1.3,0.27,-1.27,-4.02,-2.16,-3.34,-2.29,-3.63,-4.6899999999999995,-2.05,-1.65,-3.64,-3.99,-3.93,-0.63,-3.49,-2.73,-3.87,-3.48,-1.8900000000000001,-2.15,-2.27,-6.66,0.48,-0.43000000000000005,-1.48,-4.539999999999999,-3.06
200511,4.32,3.71,3.96,3.33,5.7,6.55,4.22,3.49,4.52,5.02,6.65,4.34,6.41,4.79,5.25,5.86,4.27,5.1,5.19,2.82,3.06,4.0,3.46,4.36,2.93,3.61,1.05,0.31,0.29,4.010000000000001,3.4,3.65,3.02,5.390000000000001,6.24,3.9099999999999997,3.18,4.21,4.71,6.340000000000001,4.03,6.1000000000000005,4.48,4.94,5.550000000000001,3.9599999999999995,4.79,4.880000000000001,2.51,2.75,3.69,3.15,4.050000000000001,2.62
200512,0.49,-0.7,0.68,0.52,0.79,-0.24,-1.32,-0.23,-0.02,-0.03,0.72,-0.63,-0.26,0.42,-0.36,-0.17,0.46,0.54,0.9,2.45,1.06,-1.08,-0.39,0.18,1.66,-0.24,-0.44,0.32,0.8,0.16999999999999998,-1.02,0.36000000000000004,0.2,0.47000000000000003,-0.56,-1.6400000000000001,-0.55,-0.34,-0.35,0.39999999999999997,-0.95,-0.5800000000000001,0.09999999999999998,-0.6799999999999999,-0.49,0.14,0.22000000000000003,0.5800000000000001,2.1300000000000003,0.74,-1.4000000000000001,-0.71,-0.14,1.3399999999999999
200601,9.03,7.81,6.7,7.6,11.9,7.34,7.69,5.8,8.47,13.49,6.89,5.69,4.22,6.71,9.5,3.06,2.96,3.03,3.66,7.98,4.72,-0.57,1.74,2.36,6.89,3.03,5.46,0.35,2.53,8.68,7.46,6.3500000000000005,7.25,11.55,6.99,7.340000000000001,5.45,8.120000000000001,13.14,6.54,5.340000000000001,3.8699999999999997,6.36,9.15,2.71,2.61,2.6799999999999997,3.31,7.630000000000001,4.37,-0.9199999999999999,1.3900000000000001,2.01,6.54
200602,-0.07,0.03,1.18,2.14,-0.82,-1.41,0.45,1.66,0.64,-2.18,-0.75,1.19,0.29,-0.96,-1.25,0.94,0.72,0.47,1.21,-2.38,0.32,0.96,0.83,0.78,-3.53,-0.3,-0.41,0.34,-1.82,-0.41000000000000003,-0.31000000000000005,0.8399999999999999,1.8,-1.16,-1.75,0.10999999999999999,1.3199999999999998,0.3,-2.52,-1.09,0.8499999999999999,-0.050000000000000044,-1.3,-1.59,0.5999999999999999,0.37999999999999995,0.12999999999999995,0.8699999999999999,-2.7199999999999998,-0.020000000000000018,0.6199999999999999,0.48999999999999994,0.44,-3.8699999999999997
200603,3.86,3.96,5.04,5.36,5.79,4.1,2.29,4.46,5.31,5.73,2.35,1.62,2.25,4.28,6.47,1.94,1.82,1.45,2.66,4.82,1.46,1.61,0.18,1.06,2.32,1.47,3.39,0.37,1.27,3.4899999999999998,3.59,4.67,4.99,5.42,3.7299999999999995,1.92,4.09,4.9399999999999995,5.36,1.98,1.25,1.88,3.91,6.1,1.5699999999999998,1.4500000000000002,1.08,2.29,4.45,1.0899999999999999,1.2400000000000002,-0.19,0.6900000000000001,1.9499999999999997
200604,0.13,-0.76,-0.66,-0.37,-0.04,-1.28,0.65,-1.37,2.07,0.34,0.69,0.27,0.68,0.03,1.37,-0.18,1.51,-0.14,2.38,2.01,0.43,1.59,1.61,0.75,0.96,0.73,-1.38,0.36,0.61,-0.22999999999999998,-1.12,-1.02,-0.73,-0.39999999999999997,-1.6400000000000001,0.29000000000000004,-1.73,1.71,-0.019999999999999962,0.32999999999999996,-0.08999999999999997,0.32000000000000006,-0.32999999999999996,1.0100000000000002,-0.54,1.15,-0.5,2.02,1.65,0.07,1.23,1.25,0.39,0.6
200605,-4.88,-4.0,-3.67,-4.83,-8.19,-3.06,-4.11,-4.04,-5.12,-7.14,-3.52,-2.52,-2.85,-4.13,-8.02,-1.73,-3.36,-2.76,-2.92,-7.28,-1.2,-1.39,-3.14,-4.24,-5.86,-3.56,-3.01,0.43,-3.67,-5.31,-4.43,-4.1,-5.26,-8.62,-3.49,-4.54,-4.47,-5.55,-7.569999999999999,-3.95,-2.95,-3.2800000000000002,-4.56,-8.45,-2.16,-3.79,-3.19,-3.35,-7.71,-1.63,-1.8199999999999998,-3.5700000000000003,-4.67,-6.29
200606,-1.9,-0.68,0.54,0.33,-1.71,-3.65,-1.45,0.54,0.07,-1.23,-2.01,-0.32,-0.08,-0.05,1.92,-1.95,-1.48,0.44,-0.01,0.13,-0.25,-0.06,0.41,0.58,0.71,-0.35,-0.35,0.4,1.55,-2.3,-1.08,0.14,-0.07,-2.11,-4.05,-1.85,0.14,-0.33,-1.63,-2.4099999999999997,-0.72,-0.48000000000000004,-0.45,1.52,-2.35,-1.88,0.03999999999999998,-0.41000000000000003,-0.27,-0.65,-0.46,0.009999999999999953,0.17999999999999994,0.30999999999999994
200607,-5.23,-2.71,-1.29,-2.36,-4.44,-3.75,-1.69,-2.36,-4.07,-5.99,-3.77,-1.71,-2.71,-2.31,-6.74,-5.6,-1.11,-1.86,-2.75,-6.23,1.88,-0.74,2.89,0.61,-3.48,-0.77,-3.96,0.4,-2.05,-5.630000000000001,-3.11,-1.69,-2.76,-4.840000000000001,-4.15,-2.09,-2.76,-4.470000000000001,-6.390000000000001,-4.17,-2.11,-3.11,-2.71,-7.140000000000001,-6.0,-1.5100000000000002,-2.2600000000000002,-3.15,-6.630000000000001,1.48,-1.1400000000000001,2.49,0.20999999999999996,-3.88
200608,4.42,2.03,2.23,3.2,1.9,5.62,4.37,1.9,2.25,1.81,5.0,3.27,2.39,1.9,0.07,4.79,4.08,2.26,2.18,-0.81,3.56,4.12,2.81,1.51,-0.54,2.03,0.99,0.42,-3.37,4.0,1.6099999999999999,1.81,2.7800000000000002,1.48,5.2,3.95,1.48,1.83,1.3900000000000001,4.58,2.85,1.9700000000000002,1.48,-0.35,4.37,3.66,1.8399999999999999,1.7600000000000002,-1.23,3.14,3.7,2.39,1.09,-0.96
200609,0.95,1.37,0.59,1.63,0.18,2.52,1.59,0.51,0.43,0.56,2.26,1.02,0.79,-0.1,0.84,3.37,2.57,1.87,0.9,2.32,1.95,3.47,2.61,1.88,2.65,1.84,-1.3,0.41,-0.98,0.54,0.9600000000000002,0.18,1.22,-0.22999999999999998,2.11,1.1800000000000002,0.10000000000000003,0.020000000000000018,0.15000000000000008,1.8499999999999999,0.6100000000000001,0.38000000000000006,-0.51,0.43,2.96,2.1599999999999997,1.4600000000000002,0.49000000000000005,1.91,1.54,3.06,2.1999999999999997,1.47,2.2399999999999998
200610,6.48,5.59,5.05,5.35,6.33,6.07,7.11,6.0,4.42,4.75,6.29,5.67,3.76,3.09,6.6,3.38,3.58,3.27,3.19,3.98,4.79,3.53,3.25,2.77,3.44,3.22,1.77,0.41,-0.24,6.07,5.18,4.64,4.9399999999999995,5.92,5.66,6.7,5.59,4.01,4.34,5.88,5.26,3.3499999999999996,2.6799999999999997,6.1899999999999995,2.9699999999999998,3.17,2.86,2.78,3.57,4.38,3.1199999999999997,2.84,2.36,3.03
200611,2.64,1.86,1.75,1.81,2.4,4.44,4.8,1.7,3.01,1.29,5.81,3.8,2.45,3.43,2.1,7.34,4.07,2.4,2.7,3.55,2.17,1.44,0.76,1.98,2.64,1.7,0.63,0.42,-1.01,2.22,1.4400000000000002,1.33,1.3900000000000001,1.98,4.0200000000000005,4.38,1.28,2.59,0.8700000000000001,5.39,3.38,2.0300000000000002,3.0100000000000002,1.6800000000000002,6.92,3.6500000000000004,1.98,2.2800000000000002,3.13,1.75,1.02,0.34,1.56,2.22
200612,0.72,0.86,1.6,1.65,2.38,-0.3,0.6,0.01,0.98,-0.3,0.07,-0.07,0.33,0.79,0.46,-1.08,0.24,0.59,0.1,0.6,-0.64,1.84,2.94,0.94,1.16,0.85,-1.16,0.4,0.79,0.31999999999999995,0.45999999999999996,1.2000000000000002,1.25,1.98,-0.7,0.19999999999999996,-0.39,0.58,-0.7,-0.33,-0.47000000000000003,-0.07,0.39,0.06,-1.48,-0.16000000000000003,0.18999999999999995,-0.30000000000000004,0.19999999999999996,-1.04,1.44,2.54,0.5399999999999999,0.7599999999999999
200701,0.86,0.71,1.73,1.27,1.46,1.4,2.26,1.45,0.34,2.75,5.74,1.7,3.2,2.52,3.73,2.81,3.26,2.08,3.88,2.47,2.5,0.05,1.93,1.85,1.96,1.38,0.09,0.44,0.25,0.42,0.26999999999999996,1.29,0.8300000000000001,1.02,0.96,1.8199999999999998,1.01,-0.09999999999999998,2.31,5.3,1.26,2.7600000000000002,2.08,3.29,2.37,2.82,1.6400000000000001,3.44,2.0300000000000002,2.06,-0.39,1.49,1.4100000000000001,1.52
200702,0.56,-0.63,-0.38,-0.77,-1.37,-0.5,-0.81,0.5,-0.93,-1.41,-0.03,0.68,-0.28,0.46,1.28,0.97,0.03,-0.09,0.63,0.34,0.83,-1.39,-2.09,-2.68,-2.95,-1.96,1.23,0.38,-1.31,0.18000000000000005,-1.01,-0.76,-1.15,-1.75,-0.88,-1.19,0.12,-1.31,-1.79,-0.41000000000000003,0.30000000000000004,-0.66,0.08000000000000002,0.9,0.59,-0.35,-0.47,0.25,-0.03999999999999998,0.44999999999999996,-1.77,-2.4699999999999998,-3.06,-3.33
200703,-1.07,0.24,0.91,0.09,2.29,0.36,1.41,1.83,1.71,0.91,-0.03,0.39,1.1,2.48,3.75,-2.43,1.11,2.08,2.29,2.78,-0.85,0.31,-0.27,1.95,3.48,0.71,0.09,0.43,2.59,-1.5,-0.19,0.48000000000000004,-0.33999999999999997,1.86,-0.07,0.98,1.4000000000000001,1.28,0.48000000000000004,-0.45999999999999996,-0.03999999999999998,0.6700000000000002,2.05,3.32,-2.8600000000000003,0.6800000000000002,1.6500000000000001,1.86,2.3499999999999996,-1.28,-0.12,-0.7,1.52,3.05
200704,1.15,0.56,0.23,1.08,2.19,3.22,1.78,2.16,2.58,3.41,3.25,2.66,3.08,2.3,4.09,5.48,4.65,4.29,3.97,3.77,4.98,4.38,4.97,3.73,3.11,3.49,-2.21,0.44,-0.21,0.71,0.12000000000000005,-0.21,0.6400000000000001,1.75,2.7800000000000002,1.34,1.7200000000000002,2.14,2.97,2.81,2.22,2.64,1.8599999999999999,3.65,5.04,4.21,3.85,3.5300000000000002,3.33,4.54,3.94,4.529999999999999,3.29,2.67
200705,3.21,2.7,2.43,3.2,2.21,4.27,4.33,3.45,2.79,2.43,5.39,6.06,6.24,4.14,3.99,4.62,4.18,3.56,3.93,3.85,3.02,3.36,3.2,3.65,3.93,3.23,0.16,0.41,-0.34,2.8,2.29,2.02,2.79,1.8,3.8599999999999994,3.92,3.04,2.38,2.02,4.9799999999999995,5.6499999999999995,5.83,3.7299999999999995,3.58,4.21,3.7699999999999996,3.15,3.52,3.44,2.61,2.9499999999999997,2.79,3.2399999999999998,3.52
200706,-0.66,-0.34,-0.53,-0.28,-0.93,-3.68,-1.1,-1.95,-0.39,-1.13,-2.11,-1.16,-0.3,-0.12,-0.03,-3.06,-0.89,-1.17,-2.71,-1.73,-2.93,-1.16,-1.75,-1.44,-1.9,-1.96,0.72,0.4,0.47,-1.06,-0.74,-0.93,-0.68,-1.33,-4.08,-1.5,-2.35,-0.79,-1.5299999999999998,-2.51,-1.56,-0.7,-0.52,-0.43000000000000005,-3.46,-1.29,-1.5699999999999998,-3.11,-2.13,-3.33,-1.56,-2.15,-1.8399999999999999,-2.3
200707,-7.86,-7.1,-6.71,-4.96,-5.85,-8.1,-5.87,-5.28,-4.03,-6.34,-6.85,-5.1,-4.47,-3.91,-3.73,-6.14,-6.67,-3.58,-4.01,-3.52,-2.59,-3.97,-2.76,-2.53,-1.15,-3.72,-2.69,0.4,2.94,-8.26,-7.5,-7.11,-5.36,-6.25,-8.5,-6.2700000000000005,-5.680000000000001,-4.430000000000001,-6.74,-7.25,-5.5,-4.87,-4.3100000000000005,-4.13,-6.54,-7.07,-3.98,-4.41,-3.92,-2.9899999999999998,-4.37,-3.1599999999999997,-2.9299999999999997,-1.5499999999999998
200708,0.11,0.03,0.46,-0.77,-0.36,2.33,3.01,2.3,0.85,2.96,-0.76,-1.11,1.24,0.08,0.66,-0.79,0.26,0.4,0.76,-0.41,2.62,1.69,0.84,2.24,3.43,0.94,-0.13,0.42,-0.02,-0.31,-0.39,0.040000000000000036,-1.19,-0.78,1.9100000000000001,2.59,1.88,0.43,2.54,-1.18,-1.53,0.8200000000000001,-0.33999999999999997,0.24000000000000005,-1.21,-0.15999999999999998,-0.019999999999999962,0.34,-0.83,2.2,1.27,0.42,1.8200000000000003,3.0100000000000002
200709,-1.11,-0.43,-0.02,0.82,4.94,-0.23,0.08,1.18,1.61,5.17,-0.13,0.47,1.58,1.39,5.03,0.76,1.93,2.49,1.75,3.92,2.56,1.62,3.35,5.83,7.09,3.22,-2.28,0.32,4.44,-1.4300000000000002,-0.75,-0.34,0.49999999999999994,4.62,-0.55,-0.24,0.8599999999999999,1.29,4.85,-0.45,0.14999999999999997,1.26,1.0699999999999998,4.71,0.44,1.6099999999999999,2.1700000000000004,1.43,3.6,2.24,1.3,3.0300000000000002,5.51,6.77
200710,-2.48,0.19,0.89,3.26,5.01,-0.77,0.27,2.83,4.15,2.26,-3.6,2.95,2.07,2.73,5.43,-3.18,1.45,1.46,3.15,4.76,0.44,-1.41,2.94,3.73,3.94,1.79,0.14,0.32,4.98,-2.8,-0.13,0.5700000000000001,2.94,4.6899999999999995,-1.09,-0.04999999999999999,2.5100000000000002,3.8300000000000005,1.9399999999999997,-3.92,2.6300000000000003,1.7499999999999998,2.41,5.109999999999999,-3.5,1.13,1.14,2.83,4.4399999999999995,0.12,-1.73,2.62,3.41,3.62
200711,-10.2,-7.85,-6.97,-9.59,-9.35,-8.81,-5.95,-5.58,-7.44,-8.43,-8.17,-3.48,-6.88,-6.41,-5.95,-13.24,-4.8,-4.41,-3.43,-5.36,-9.09,-3.85,-3.75,-2.71,-5.27,-4.8,-2.81,0.34,1.09,-10.54,-8.19,-7.31,-9.93,-9.69,-9.15,-6.29,-5.92,-7.78,-8.77,-8.51,-3.82,-7.22,-6.75,-6.29,-13.58,-5.14,-4.75,-3.77,-5.7,-9.43,-4.19,-4.09,-3.05,-5.609999999999999
200712,-1.91,-1.95,-0.99,0.52,2.27,-2.65,-1.96,-0.1,0.59,1.47,-4.64,-2.57,-2.14,-0.15,1.13,-7.22,-2.81,-1.07,0.86,1.12,-10.53,-5.83,-1.75,1.42,2.44,-0.87,0.12,0.27,6.57,-2.1799999999999997,-2.2199999999999998,-1.26,0.25,2.0,-2.92,-2.23,-0.37,0.31999999999999995,1.2,-4.91,-2.84,-2.41,-0.42000000000000004,0.8599999999999999,-7.49,-3.08,-1.34,0.59,0.8500000000000001,-10.799999999999999,-6.1,-2.02,1.15,2.17
200801,-2.66,-5.55,-6.25,-8.83,-13.11,-1.66,-4.99,-5.41,-8.65,-12.55,2.57,-3.59,-3.4,-7.23,-9.26,1.64,-1.72,-5.69,-6.02,-9.73,-0.29,-0.5,-3.03,-6.78,-10.99,-6.33,-0.96,0.21,-7.78,-2.87,-5.76,-6.46,-9.040000000000001,-13.32,-1.8699999999999999,-5.2,-5.62,-8.860000000000001,-12.760000000000002,2.36,-3.8,-3.61,-7.44,-9.47,1.43,-1.93,-5.9,-6.2299999999999995,-9.940000000000001,-0.5,-0.71,-3.2399999999999998,-6.99,-11.200000000000001
200802,-6.28,-4.44,-1.83,-0.73,-2.36,-7.82,-4.9,-3.17,-1.51,-1.92,-11.56,-3.67,-2.62,-0.99,-1.48,-10.16,-5.96,-3.37,0.41,2.8,-9.02,-9.2,-1.87,-3.53,0.42,-3.09,-0.46,0.13,6.13,-6.41,-4.57,-1.96,-0.86,-2.4899999999999998,-7.95,-5.03,-3.3,-1.6400000000000001,-2.05,-11.690000000000001,-3.8,-2.75,-1.12,-1.6099999999999999,-10.290000000000001,-6.09,-3.5,0.27999999999999997,2.67,-9.15,-9.33,-2.0,-3.6599999999999997,0.29
200803,-2.04,-0.68,1.19,0.4,-2.6,-4.56,0.59,2.65,0.79,-0.94,-4.24,-1.72,-1.56,0.27,-0.01,-10.22,0.63,-0.38,-3.29,-1.63,-9.19,-3.0,-2.37,1.93,-0.33,-0.94,0.77,0.17,4.25,-2.21,-0.8500000000000001,1.02,0.23,-2.77,-4.7299999999999995,0.41999999999999993,2.48,0.62,-1.1099999999999999,-4.41,-1.89,-1.73,0.1,-0.18000000000000002,-10.39,0.45999999999999996,-0.55,-3.46,-1.7999999999999998,-9.36,-3.17,-2.54,1.76,-0.5
200804,2.05,1.42,2.06,0.91,1.83,4.37,3.45,1.49,2.36,4.82,2.81,7.74,4.73,6.52,5.93,5.38,4.43,4.33,5.6,9.34,12.12,5.33,2.51,2.59,7.19,4.61,-1.74,0.18,-0.31,1.8699999999999999,1.24,1.8800000000000001,0.73,1.6500000000000001,4.19,3.27,1.31,2.1799999999999997,4.640000000000001,2.63,7.5600000000000005,4.550000000000001,6.34,5.75,5.2,4.25,4.15,5.42,9.16,11.94,5.15,2.3299999999999996,2.4099999999999997,7.010000000000001
200805,3.27,2.97,4.15,2.9,4.34,4.82,4.66,4.77,3.55,6.26,2.54,5.2,2.91,4.07,6.59,4.73,3.72,4.61,3.94,7.71,-5.66,-2.18,0.08,1.99,2.73,1.87,2.93,0.18,3.38,3.09,2.79,3.97,2.7199999999999998,4.16,4.640000000000001,4.48,4.59,3.3699999999999997,6.08,2.36,5.0200000000000005,2.73,3.89,6.41,4.550000000000001,3.54,4.430000000000001,3.76,7.53,-5.84,-2.3600000000000003,-0.09999999999999999,1.81,2.55
200806,-14.93,-12.03,-10.12,-7.39,-4.41,-18.01,-11.95,-9.71,-8.32,-3.83,-15.82,-13.84,-9.63,-9.3,-0.48,-18.27,-13.89,-9.66,-6.66,-1.53,-21.78,-14.66,-9.91,-8.18,-3.47,-8.43,1.16,0.17,12.73,-15.1,-12.2,-10.29,-7.56,-4.58,-18.180000000000003,-12.12,-9.88,-8.49,-4.0,-15.99,-14.01,-9.8,-9.47,-0.65,-18.44,-14.06,-9.83,-6.83,-1.7,-21.950000000000003,-14.83,-10.08,-8.35,-3.64
200807,4.74,6.77,5.02,6.11,2.81,7.44,4.34,4.0,4.42,2.32,1.56,-0.62,3.83,3.13,-1.46,-1.67,-1.8,2.99,-1.6,-6.73,-1.41,7.58,2.77,-0.24,-6.41,-0.75,2.61,0.15,-5.02,4.59,6.619999999999999,4.869999999999999,5.96,2.66,7.29,4.1899999999999995,3.85,4.27,2.17,1.4100000000000001,-0.77,3.68,2.98,-1.6099999999999999,-1.8199999999999998,-1.95,2.8400000000000003,-1.75,-6.880000000000001,-1.5599999999999998,7.43,2.62,-0.39,-6.5600000000000005
200808,4.0,3.52,3.04,2.92,1.75,10.44,7.76,5.38,4.33,-0.55,14.07,4.19,4.47,3.14,-0.54,-0.28,6.13,3.75,1.86,-2.44,-2.57,3.19,2.42,1.57,-0.42,1.53,3.39,0.13,-4.5,3.87,3.39,2.91,2.79,1.62,10.309999999999999,7.63,5.25,4.2,-0.68,13.94,4.0600000000000005,4.34,3.0100000000000002,-0.67,-0.41000000000000003,6.0,3.62,1.73,-2.57,-2.6999999999999997,3.06,2.29,1.44,-0.55
200809,-10.72,-6.42,-7.37,-6.46,-11.18,-10.54,-6.08,-5.31,-5.24,-11.22,-10.32,-10.5,-8.55,-7.85,-14.96,-22.5,-13.63,-9.25,-9.75,-16.49,-24.91,-7.86,-6.04,-4.21,-13.08,-9.35,-1.06,0.15,0.78,-10.870000000000001,-6.57,-7.5200000000000005,-6.61,-11.33,-10.69,-6.23,-5.46,-5.390000000000001,-11.370000000000001,-10.47,-10.65,-8.700000000000001,-8.0,-15.110000000000001,-22.65,-13.780000000000001,-9.4,-9.9,-16.639999999999997,-25.06,-8.01,-6.19,-4.36,-13.23
200810,-26.81,-23.68,-20.22,-17.96,-18.61,-27.59,-24.05,-20.03,-17.03,-21.89,-20.91,-23.04,-22.07,-17.55,-20.06,-25.81,-21.64,-20.3,-19.27,-21.8,-25.74,-20.54,-14.59,-13.8,-13.42,-17.2,-2.29,0.08,7.84,-26.889999999999997,-23.759999999999998,-20.299999999999997,-18.04,-18.689999999999998,-27.669999999999998,-24.13,-20.11,-17.11,-21.97,-20.99,-23.119999999999997,-22.15,-17.63,-20.139999999999997,-25.889999999999997,-21.72,-20.38,-19.349999999999998,-21.88,-25.819999999999997,-20.619999999999997,-14.67,-13.88,-13.5
200811,-19.5,-17.92,-14.44,-12.45,-12.54,-15.42,-14.83,-11.85,-12.77,-8.88,-16.45,-12.77,-13.02,-9.53,-7.91,-17.97,-10.0,-8.72,-2.79,-11.66,-19.4,-8.14,-7.74,-2.0,-7.84,-7.74,-2.99,0.03,7.26,-19.53,-17.950000000000003,-14.469999999999999,-12.479999999999999,-12.569999999999999,-15.45,-14.86,-11.879999999999999,-12.799999999999999,-8.91,-16.48,-12.799999999999999,-13.049999999999999,-9.559999999999999,-7.94,-18.0,-10.03,-8.75,-2.82,-11.69,-19.43,-8.17,-7.7700000000000005,-2.03,-7.87
200812,4.82,6.07,2.78,3.55,3.75,11.18,10.48,4.44,5.43,4.2,6.78,6.03,6.94,3.62,2.82,14.64,6.61,5.78,2.76,1.07,3.62,2.85,1.0,0.25,0.3,1.77,3.49,0.0,-5.08,4.82,6.07,2.78,3.55,3.75,11.18,10.48,4.44,5.43,4.2,6.78,6.03,6.94,3.62,2.82,14.64,6.61,5.78,2.76,1.07,3.62,2.85,1.0,0.25,0.3
200901,-4.84,-10.85,-10.92,-8.47,-11.26,-9.44,-10.23,-8.19,-10.42,-12.95,-3.19,-5.9,-8.12,-9.47,-11.08,-11.41,-6.74,-8.13,-6.95,-5.71,-12.33,-10.34,-8.61,-6.79,-7.87,-8.09,-0.01,0.0,-2.16,-4.84,-10.85,-10.92,-8.47,-11.26,-9.44,-10.23,-8.19,-10.42,-12.95,-3.19,-5.9,-8.12,-9.47,-11.08,-11.41,-6.74,-8.13,-6.95,-5.71,-12.33,-10.34,-8.61,-6.79,-7.87
200902,-17.98,-14.46,-13.08,-8.69,-12.85,-17.64,-10.95,-11.57,-10.84,-12.05,-17.46,-8.76,-10.87,-12.12,-11.02,-21.3,-11.11,-6.46,-9.95,-8.18,-18.94,-15.8,-8.64,-9.45,-9.38,-10.14,0.14,0.01,4.34,-17.990000000000002,-14.47,-13.09,-8.7,-12.86,-17.650000000000002,-10.959999999999999,-11.58,-10.85,-12.06,-17.470000000000002,-8.77,-10.879999999999999,-12.129999999999999,-11.03,-21.310000000000002,-11.12,-6.47,-9.959999999999999,-8.19,-18.950000000000003,-15.81,-8.65,-9.459999999999999,-9.39
200903,22.98,9.43,8.6,6.81,7.47,22.01,14.37,13.53,9.89,7.29,18.13,13.09,12.67,7.72,5.6,11.92,13.34,10.56,10.24,5.33,31.77,13.23,11.47,9.17,4.43,9.01,-0.09,0.02,-11.8,22.96,9.41,8.58,6.79,7.45,21.990000000000002,14.35,13.51,9.870000000000001,7.2700000000000005,18.11,13.07,12.65,7.7,5.58,11.9,13.32,10.540000000000001,10.22,5.3100000000000005,31.75,13.21,11.450000000000001,9.15,4.41
200904,47.26,27.93,17.2,12.52,8.47,58.34,34.48,19.07,16.63,8.99,42.86,27.57,23.25,16.38,6.77,49.75,27.99,17.12,10.63,1.6,30.79,23.76,17.62,6.5,1.22,10.17,5.37,0.01,-34.36,47.25,27.919999999999998,17.189999999999998,12.51,8.46,58.330000000000005,34.47,19.06,16.619999999999997,8.98,42.85,27.56,23.24,16.369999999999997,6.76,49.74,27.979999999999997,17.11,10.620000000000001,1.59,30.779999999999998,23.75,17.61,6.49,1.21
200905,20.9,8.77,5.96,7.94,7.78,17.39,4.3,3.74,1.18,-0.31,17.04,8.31,3.23,1.01,-0.13,20.74,10.66,5.51,1.26,-0.53,17.11,11.38,8.87,3.56,2.05,5.21,-2.42,0.0,-12.54,20.9,8.77,5.96,7.94,7.78,17.39,4.3,3.74,1.18,-0.31,17.04,8.31,3.23,1.01,-0.13,20.74,10.66,5.51,1.26,-0.53,17.11,11.38,8.87,3.56,2.05
200906,4.4,5.89,3.06,4.74,5.83,-5.18,1.87,1.81,4.57,2.48,-2.97,-3.01,0.66,2.52,1.61,-3.38,-2.19,-1.23,1.7,2.46,-3.7,-4.89,0.7,1.2,2.17,0.42,2.59,0.01,5.4,4.390000000000001,5.88,3.0500000000000003,4.73,5.82,-5.1899999999999995,1.86,1.8,4.5600000000000005,2.47,-2.98,-3.0199999999999996,0.65,2.5100000000000002,1.6,-3.3899999999999997,-2.1999999999999997,-1.24,1.69,2.45,-3.71,-4.8999999999999995,0.69,1.19,2.16
200907,12.35,13.37,9.64,7.69,7.9,18.48,11.38,11.27,7.54,7.22,14.78,14.13,8.85,9.29,7.61,11.44,9.78,11.01,6.47,6.02,11.83,10.52,8.8,5.91,6.27,7.74,1.75,0.01,-5.61,12.34,13.36,9.63,7.680000000000001,7.890000000000001,18.47,11.370000000000001,11.26,7.53,7.21,14.77,14.120000000000001,8.84,9.28,7.6000000000000005,11.43,9.77,11.0,6.46,6.01,11.82,10.51,8.790000000000001,5.9,6.26
200908,17.8,5.19,3.64,-0.72,-0.01,16.35,4.25,3.13,0.37,0.06,16.44,5.14,2.99,1.98,0.92,12.75,5.99,4.16,2.34,2.04,10.72,4.77,3.21,2.37,1.66,3.33,-1.12,0.01,-9.11,17.79,5.180000000000001,3.6300000000000003,-0.73,-0.02,16.34,4.24,3.12,0.36,0.049999999999999996,16.43,5.13,2.9800000000000004,1.97,0.91,12.74,5.98,4.15,2.33,2.0300000000000002,10.71,4.76,3.2,2.3600000000000003,1.65
200909,11.54,6.66,6.47,5.24,4.09,13.37,7.69,4.24,4.92,5.77,12.09,7.92,6.85,5.27,4.62,13.45,7.73,4.36,4.44,4.72,7.15,4.04,4.62,2.42,3.4,4.08,2.43,0.01,-4.83,11.53,6.65,6.46,5.23,4.08,13.36,7.680000000000001,4.23,4.91,5.76,12.08,7.91,6.84,5.26,4.61,13.44,7.720000000000001,4.3500000000000005,4.430000000000001,4.71,7.140000000000001,4.03,4.61,2.41,3.39
200910,-9.34,-6.39,-6.67,-5.79,-10.08,-7.69,-6.13,-6.87,-5.05,-8.44,-11.13,-3.81,-3.83,-6.74,-7.75,-9.28,-2.91,-2.92,-3.8,-4.69,-9.27,-1.66,-0.95,-0.8,-0.33,-2.53,-4.26,0.0,2.58,-9.34,-6.39,-6.67,-5.79,-10.08,-7.69,-6.13,-6.87,-5.05,-8.44,-11.13,-3.81,-3.83,-6.74,-7.75,-9.28,-2.91,-2.92,-3.8,-4.69,-9.27,-1.66,-0.95,-0.8,-0.33
200911,-0.23,0.48,2.25,1.55,2.81,2.88,2.21,2.59,1.0,4.01,2.46,3.53,3.72,5.32,5.44,5.73,4.99,4.14,3.23,5.11,7.37,6.16,5.59,5.5,6.79,5.63,-2.5,0.0,0.39,-0.23,0.48,2.25,1.55,2.81,2.88,2.21,2.59,1.0,4.01,2.46,3.53,3.72,5.32,5.44,5.73,4.99,4.14,3.23,5.11,7.37,6.16,5.59,5.5,6.79
200912,8.35,6.96,6.89,8.36,7.99,7.17,9.24,7.95,10.13,10.74,9.22,5.92,7.14,8.0,8.16,5.3,3.83,5.44,6.19,8.56,-2.75,1.91,3.41,3.25,3.44,2.8,6.01,0.01,2.97,8.34,6.95,6.88,8.35,7.98,7.16,9.23,7.94,10.120000000000001,10.73,9.21,5.91,7.13,7.99,8.15,5.29,3.8200000000000003,5.430000000000001,6.180000000000001,8.55,-2.76,1.9,3.4000000000000004,3.24,3.43
201001,-0.92,-4.01,-0.98,-2.76,-3.61,0.95,-3.4,-2.74,-3.54,-4.64,-1.51,-1.6,-3.44,-4.73,-5.14,-0.29,-1.99,-2.06,-4.67,-5.33,-0.62,-0.9,-3.31,-5.88,-8.71,-3.35,0.43,0.0,-5.31,-0.92,-4.01,-0.98,-2.76,-3.61,0.95,-3.4,-2.74,-3.54,-4.64,-1.51,-1.6,-3.44,-4.73,-5.14,-0.29,-1.99,-2.06,-4.67,-5.33,-0.62,-0.9,-3.31,-5.88,-8.71
201002,2.34,3.8,3.29,5.31,8.03,2.71,3.73,4.77,3.71,6.09,3.45,3.13,4.85,5.09,7.59,2.23,3.59,6.09,5.33,8.98,1.19,1.37,3.59,4.69,5.89,3.39,1.18,0.0,3.7,2.34,3.8,3.29,5.31,8.03,2.71,3.73,4.77,3.71,6.09,3.45,3.13,4.85,5.09,7.59,2.23,3.59,6.09,5.33,8.98,1.19,1.37,3.59,4.69,5.89
201003,7.96,7.19,10.01,7.31,9.21,8.95,6.97,7.78,8.77,10.13,9.06,7.48,7.3,7.8,9.09,6.56,4.63,8.22,7.36,8.69,4.09,4.44,4.73,10.69,9.81,6.3,1.46,0.01,3.58,7.95,7.180000000000001,10.0,7.3,9.200000000000001,8.94,6.96,7.7700000000000005,8.76,10.120000000000001,9.05,7.470000000000001,7.29,7.79,9.08,6.55,4.62,8.21,7.3500000000000005,8.68,4.08,4.430000000000001,4.720000000000001,10.68,9.8
201004,7.82,7.52,6.43,7.37,12.4,5.42,4.36,5.24,6.13,8.46,3.76,4.11,4.12,7.2,4.7,3.36,3.79,4.19,4.6,5.39,-0.46,0.48,0.84,4.27,2.82,1.99,4.84,0.01,3.19,7.8100000000000005,7.51,6.42,7.36,12.39,5.41,4.3500000000000005,5.23,6.12,8.450000000000001,3.75,4.1000000000000005,4.11,7.19,4.69,3.35,3.7800000000000002,4.180000000000001,4.59,5.38,-0.47000000000000003,0.47,0.83,4.26,2.81
201005,-9.23,-6.21,-8.06,-8.43,-8.98,-8.02,-6.79,-5.39,-7.8,-7.34,-7.76,-7.16,-7.17,-6.71,-9.96,-7.37,-7.47,-5.77,-8.06,-8.0,-7.78,-6.83,-8.79,-8.38,-7.76,-7.9,0.13,0.01,-0.18,-9.24,-6.22,-8.07,-8.44,-8.99,-8.03,-6.8,-5.3999999999999995,-7.81,-7.35,-7.77,-7.17,-7.18,-6.72,-9.97,-7.38,-7.4799999999999995,-5.779999999999999,-8.07,-8.01,-7.79,-6.84,-8.799999999999999,-8.39,-7.77
201006,-7.4,-6.0,-6.4,-9.26,-9.97,-8.52,-6.29,-6.83,-7.71,-10.68,-5.3,-6.57,-6.07,-7.48,-10.72,-6.25,-6.0,-4.67,-7.11,-8.44,-4.31,-3.0,-7.37,-6.83,-6.39,-5.56,-1.79,0.01,-2.7,-7.41,-6.01,-6.41,-9.27,-9.98,-8.53,-6.3,-6.84,-7.72,-10.69,-5.31,-6.58,-6.08,-7.49,-10.73,-6.26,-6.01,-4.68,-7.12,-8.45,-4.319999999999999,-3.01,-7.38,-6.84,-6.3999999999999995
201007,5.8,6.49,6.56,5.68,6.99,5.98,6.73,5.72,6.72,10.08,4.71,7.03,7.44,6.6,8.98,5.88,5.95,6.68,8.66,9.39,7.58,6.34,5.74,9.01,7.68,6.92,0.23,0.01,1.77,5.79,6.48,6.55,5.67,6.98,5.970000000000001,6.720000000000001,5.71,6.71,10.07,4.7,7.0200000000000005,7.430000000000001,6.59,8.97,5.87,5.94,6.67,8.65,9.38,7.57,6.33,5.73,9.0,7.67
201008,-8.6,-8.68,-8.82,-8.13,-9.79,-8.58,-5.91,-8.15,-6.49,-5.76,-7.86,-6.05,-5.16,-5.97,-7.46,-4.84,-6.3,-4.27,-3.35,-5.45,-3.16,-5.21,-4.22,-3.29,-5.38,-4.78,-3.01,0.01,-0.06,-8.61,-8.69,-8.83,-8.14,-9.799999999999999,-8.59,-5.92,-8.16,-6.5,-5.77,-7.87,-6.06,-5.17,-5.9799999999999995,-7.47,-4.85,-6.31,-4.279999999999999,-3.36,-5.46,-3.17,-5.22,-4.2299999999999995,-3.3,-5.39
201009,11.78,11.19,11.82,12.61,14.39,13.62,13.9,12.27,12.22,12.55,13.42,13.04,11.89,12.23,14.54,11.96,11.07,10.62,10.29,11.56,7.86,8.42,8.0,9.22,12.89,9.55,3.82,0.01,1.35,11.77,11.18,11.81,12.6,14.38,13.61,13.89,12.26,12.21,12.540000000000001,13.41,13.03,11.88,12.22,14.53,11.950000000000001,11.06,10.61,10.28,11.55,7.8500000000000005,8.41,7.99,9.21,12.88
201010,4.5,4.78,3.75,7.5,5.49,3.57,4.09,2.28,4.59,3.61,1.87,3.44,4.28,4.0,3.65,2.77,1.66,3.84,4.2,4.36,2.88,4.34,4.07,2.54,5.77,3.87,1.08,0.01,1.5,4.49,4.7700000000000005,3.74,7.49,5.48,3.56,4.08,2.27,4.58,3.6,1.86,3.43,4.2700000000000005,3.99,3.64,2.7600000000000002,1.65,3.83,4.19,4.3500000000000005,2.87,4.33,4.0600000000000005,2.5300000000000002,5.76
201011,0.82,3.88,3.97,4.13,5.41,1.87,4.21,0.69,4.68,4.52,0.51,2.52,3.92,2.07,6.36,0.89,1.66,3.43,2.49,3.61,-0.75,-1.17,-0.23,0.33,2.37,0.59,3.67,0.01,2.71,0.8099999999999999,3.87,3.9600000000000004,4.12,5.4,1.86,4.2,0.6799999999999999,4.67,4.51,0.5,2.5100000000000002,3.91,2.06,6.3500000000000005,0.88,1.65,3.4200000000000004,2.4800000000000004,3.6,-0.76,-1.18,-0.24000000000000002,0.32,2.3600000000000003
201012,11.1,8.03,7.74,9.63,8.46,11.62,9.22,8.54,8.74,7.03,14.22,7.59,8.19,6.1,5.83,8.91,9.65,7.31,5.86,5.71,8.96,6.41,5.79,5.89,4.64,6.82,0.72,0.01,-3.0,11.09,8.02,7.73,9.620000000000001,8.450000000000001,11.61,9.21,8.53,8.73,7.0200000000000005,14.21,7.58,8.18,6.09,5.82,8.9,9.64,7.3,5.8500000000000005,5.7,8.950000000000001,6.4,5.78,5.88,4.63
201101,-1.86,-0.42,-1.64,-1.6,0.32,0.06,-0.2,-0.36,-0.47,0.55,1.62,2.39,0.93,1.69,1.75,4.35,3.02,2.45,1.05,2.12,3.62,2.42,1.76,0.92,1.89,1.98,-2.29,0.01,-0.3,-1.87,-0.43,-1.65,-1.61,0.31,0.049999999999999996,-0.21000000000000002,-0.37,-0.48,0.54,1.61,2.3800000000000003,0.92,1.68,1.74,4.34,3.0100000000000002,2.4400000000000004,1.04,2.1100000000000003,3.6100000000000003,2.41,1.75,0.91,1.88
201102,4.63,4.88,3.08,5.98,5.02,2.27,5.23,5.16,6.09,6.45,5.04,5.47,4.11,6.62,6.87,4.02,4.4,2.64,4.33,6.09,0.12,3.39,4.88,4.77,2.0,3.48,1.5,0.01,1.89,4.62,4.87,3.0700000000000003,5.970000000000001,5.01,2.2600000000000002,5.220000000000001,5.15,6.08,6.44,5.03,5.46,4.1000000000000005,6.61,6.86,4.01,4.390000000000001,2.6300000000000003,4.32,6.08,0.11,3.3800000000000003,4.87,4.76,1.99
201103,-0.73,2.55,3.27,3.38,3.73,0.45,1.11,1.91,3.34,5.53,-1.47,1.73,2.63,2.98,5.08,3.65,1.23,2.98,2.58,2.98,-1.99,-0.69,0.69,0.24,0.53,0.45,2.49,0.01,3.42,-0.74,2.54,3.2600000000000002,3.37,3.72,0.44,1.1,1.9,3.33,5.5200000000000005,-1.48,1.72,2.62,2.97,5.07,3.64,1.22,2.97,2.5700000000000003,2.97,-2.0,-0.7,0.6799999999999999,0.22999999999999998,0.52
201104,1.89,1.56,3.17,-0.43,0.76,0.68,1.59,1.54,2.82,2.44,1.88,2.32,4.07,4.21,3.7,3.04,3.62,2.36,4.04,2.91,3.28,1.92,3.79,3.42,1.82,2.9,-0.42,0.0,0.06,1.89,1.56,3.17,-0.43,0.76,0.68,1.59,1.54,2.82,2.44,1.88,2.32,4.07,4.21,3.7,3.04,3.62,2.36,4.04,2.91,3.28,1.92,3.79,3.42,1.82
201105,-2.98,-2.88,-1.87,-1.87,-0.82,-2.61,-1.54,0.07,-1.84,-3.27,-2.31,-0.19,-1.6,-1.4,-1.38,-0.42,0.57,-0.1,-0.06,-2.08,-1.91,-0.69,-0.88,-1.54,-2.06,-1.27,-0.73,0.0,-0.58,-2.98,-2.88,-1.87,-1.87,-0.82,-2.61,-1.54,0.07,-1.84,-3.27,-2.31,-0.19,-1.6,-1.4,-1.38,-0.42,0.57,-0.1,-0.06,-2.08,-1.91,-0.69,-0.88,-1.54,-2.06
201106,-4.57,-1.58,-2.05,-1.66,-1.79,-3.47,-1.93,-1.03,-1.61,-1.51,-4.31,-2.36,-1.15,-1.87,-1.57,-4.76,-3.03,-2.83,-1.04,0.15,-2.23,-2.13,-1.48,-1.6,-0.44,-1.74,-0.27,0.0,1.82,-4.57,-1.58,-2.05,-1.66,-1.79,-3.47,-1.93,-1.03,-1.61,-1.51,-4.31,-2.36,-1.15,-1.87,-1.57,-4.76,-3.03,-2.83,-1.04,0.15,-2.23,-2.13,-1.48,-1.6,-0.44
201107,-2.79,-1.89,-1.81,-2.51,-3.28,-3.77,-4.98,-5.33,-3.62,-2.79,-6.12,-3.33,-5.04,-4.52,-2.96,-4.76,-5.32,-3.08,-2.46,-3.25,-1.81,-1.66,-0.9,-3.47,-0.42,-2.35,-1.18,0.0,0.17,-2.79,-1.89,-1.81,-2.51,-3.28,-3.77,-4.98,-5.33,-3.62,-2.79,-6.12,-3.33,-5.04,-4.52,-2.96,-4.76,-5.32,-3.08,-2.46,-3.25,-1.81,-1.66,-0.9,-3.47,-0.42
201108,-11.66,-8.66,-7.81,-10.49,-11.88,-12.23,-7.24,-7.06,-9.36,-9.29,-11.64,-6.47,-6.48,-8.99,-9.36,-10.97,-7.06,-6.7,-5.01,-10.09,-9.09,-3.48,-3.41,-5.63,-6.69,-5.96,-2.96,0.01,-0.26,-11.67,-8.67,-7.819999999999999,-10.5,-11.89,-12.24,-7.25,-7.069999999999999,-9.37,-9.299999999999999,-11.65,-6.4799999999999995,-6.49,-9.0,-9.37,-10.98,-7.069999999999999,-6.71,-5.02,-10.1,-9.1,-3.4899999999999998,-3.42,-5.64,-6.7
201109,-11.49,-9.1,-10.16,-10.15,-14.57,-11.25,-9.67,-11.36,-11.24,-13.26,-11.39,-9.36,-9.6,-9.98,-15.0,-10.08,-9.99,-8.55,-10.38,-13.08,-8.41,-4.93,-6.21,-6.53,-8.37,-7.58,-3.12,0.0,-2.36,-11.49,-9.1,-10.16,-10.15,-14.57,-11.25,-9.67,-11.36,-11.24,-13.26,-11.39,-9.36,-9.6,-9.98,-15.0,-10.08,-9.99,-8.55,-10.38,-13.08,-8.41,-4.93,-6.21,-6.53,-8.37
201110,12.72,13.49,14.37,14.63,16.73,15.03,16.22,16.25,16.29,18.41,15.75,16.17,16.04,15.71,16.46,14.15,13.15,12.98,13.1,12.78,17.82,12.08,9.23,9.23,10.29,11.33,3.05,0.0,-1.45,12.72,13.49,14.37,14.63,16.73,15.03,16.22,16.25,16.29,18.41,15.75,16.17,16.04,15.71,16.46,14.15,13.15,12.98,13.1,12.78,17.82,12.08,9.23,9.23,10.29
201111,-5.75,-1.93,0.65,0.21,0.8,-2.93,-0.23,-0.64,0.94,0.6,-1.01,-1.78,0.89,0.88,-1.48,-2.45,-1.15,0.49,1.21,0.3,-6.82,-1.5,0.87,0.74,0.18,-0.27,-0.18,0.0,3.85,-5.75,-1.93,0.65,0.21,0.8,-2.93,-0.23,-0.64,0.94,0.6,-1.01,-1.78,0.89,0.88,-1.48,-2.45,-1.15,0.49,1.21,0.3,-6.82,-1.5,0.87,0.74,0.18
201112,-0.61,2.14,1.72,2.11,0.96,-1.41,0.24,1.87,0.17,0.07,-0.49,1.77,-0.84,1.26,-1.17,-1.24,0.74,0.02,-0.18,-1.11,-3.18,0.09,1.88,0.74,1.43,0.75,-0.56,0.0,1.83,-0.61,2.14,1.72,2.11,0.96,-1.41,0.24,1.87,0.17,0.07,-0.49,1.77,-0.84,1.26,-1.17,-1.24,0.74,0.02,-0.18,-1.11,-3.18,0.09,1.88,0.74,1.43
201201,12.93,9.25,7.31,6.82,5.65,13.11,10.23,6.89,6.64,5.64,9.4,8.97,6.98,3.82,5.54,12.65,11.04,6.31,5.38,4.46,15.04,8.45,5.41,2.15,2.61,5.05,2.01,0.0,-8.01,12.93,9.25,7.31,6.82,5.65,13.11,10.23,6.89,6.64,5.64,9.4,8.97,6.98,3.82,5.54,12.65,11.04,6.31,5.38,4.46,15.04,8.45,5.41,2.15,2.61
201202,2.72,0.41,1.66,0.06,2.35,3.82,3.27,1.55,3.55,3.51,5.05,5.41,5.0,3.55,4.36,8.51,3.87,4.18,4.44,3.38,5.51,4.29,4.55,3.07,6.28,4.42,-1.84,0.0,-0.26,2.72,0.41,1.66,0.06,2.35,3.82,3.27,1.55,3.55,3.51,5.05,5.41,5.0,3.55,4.36,8.51,3.87,4.18,4.44,3.38,5.51,4.29,4.55,3.07,6.28
201203,2.0,3.19,3.88,5.19,5.64,2.46,0.93,3.11,3.02,2.06,-0.97,0.44,2.22,2.89,1.73,0.92,0.82,1.68,2.55,2.36,4.25,2.48,2.53,2.89,5.03,3.12,-0.63,0.0,1.32,2.0,3.19,3.88,5.19,5.64,2.46,0.93,3.11,3.02,2.06,-0.97,0.44,2.22,2.89,1.73,0.92,0.82,1.68,2.55,2.36,4.25,2.48,2.53,2.89,5.03
201204,-4.8,-2.38,-1.43,-1.89,0.32,-4.7,-0.89,-2.7,-1.38,-0.01,-2.41,-1.56,-1.91,-0.11,0.37,-6.16,-2.34,-1.31,0.65,0.84,-7.39,-2.0,-0.98,-0.14,0.28,-0.85,-0.37,0.0,3.78,-4.8,-2.38,-1.43,-1.89,0.32,-4.7,-0.89,-2.7,-1.38,-0.01,-2.41,-1.56,-1.91,-0.11,0.37,-6.16,-2.34,-1.31,0.65,0.84,-7.39,-2.0,-0.98,-0.14,0.28
201205,-10.57,-6.85,-5.95,-4.99,-4.5,-10.34,-7.5,-5.83,-5.49,-6.75,-13.42,-9.17,-6.89,-4.96,-4.66,-12.97,-9.9,-7.62,-5.12,-5.2,-13.78,-10.5,-6.38,-3.73,-4.85,-6.17,0.12,0.01,6.45,-10.58,-6.859999999999999,-5.96,-5.0,-4.51,-10.35,-7.51,-5.84,-5.5,-6.76,-13.43,-9.18,-6.8999999999999995,-4.97,-4.67,-12.98,-9.91,-7.63,-5.13,-5.21,-13.79,-10.51,-6.39,-3.7399999999999998,-4.859999999999999
201206,6.67,5.6,5.34,5.86,6.38,7.39,6.27,4.38,5.53,4.04,2.15,3.36,3.63,2.4,4.46,4.27,2.56,2.69,3.5,2.32,1.29,4.96,4.27,5.08,2.95,3.89,0.72,0.0,-1.11,6.67,5.6,5.34,5.86,6.38,7.39,6.27,4.38,5.53,4.04,2.15,3.36,3.63,2.4,4.46,4.27,2.56,2.69,3.5,2.32,1.29,4.96,4.27,5.08,2.95
201207,-3.69,-2.74,-1.09,-0.95,0.18,-3.73,-3.71,-0.78,0.15,0.22,-4.0,-1.35,-0.18,0.1,-0.82,-4.47,-0.77,1.08,-1.36,0.98,-0.77,0.93,0.47,0.94,2.32,0.79,-2.76,0.0,3.0,-3.69,-2.74,-1.09,-0.95,0.18,-3.73,-3.71,-0.78,0.15,0.22,-4.0,-1.35,-0.18,0.1,-0.82,-4.47,-0.77,1.08,-1.36,0.98,-0.77,0.93,0.47,0.94,2.32
201208,4.07,2.93,2.71,0.61,3.36,4.75,3.24,1.8,3.8,2.16,6.52,5.34,3.29,3.01,4.87,4.72,3.94,4.08,4.34,3.31,4.26,4.12,4.15,1.47,1.05,2.54,0.48,0.01,-2.34,4.0600000000000005,2.9200000000000004,2.7,0.6,3.35,4.74,3.2300000000000004,1.79,3.79,2.1500000000000004,6.51,5.33,3.2800000000000002,3.0,4.86,4.71,3.93,4.07,4.33,3.3000000000000003,4.25,4.11,4.140000000000001,1.46,1.04
201209,6.0,4.34,3.75,4.12,4.69,3.72,3.34,3.48,3.87,4.42,2.13,4.12,1.41,1.82,1.33,2.77,2.77,3.72,1.78,1.2,4.96,4.26,0.74,3.09,2.75,2.73,0.45,0.01,-1.14,5.99,4.33,3.74,4.11,4.680000000000001,3.7100000000000004,3.33,3.47,3.8600000000000003,4.41,2.12,4.11,1.4,1.81,1.32,2.7600000000000002,2.7600000000000002,3.7100000000000004,1.77,1.19,4.95,4.25,0.73,3.08,2.74
201210,-5.93,-4.21,-1.96,-2.14,-1.37,-4.2,-2.27,-3.52,-1.33,-0.73,-2.13,0.84,-0.2,-1.86,-1.0,1.02,-1.06,0.01,-0.36,0.29,-1.48,-0.68,-1.33,-2.35,-4.74,-1.76,-1.1,0.01,0.07,-5.9399999999999995,-4.22,-1.97,-2.15,-1.3800000000000001,-4.21,-2.28,-3.53,-1.34,-0.74,-2.1399999999999997,0.83,-0.21000000000000002,-1.87,-1.01,1.01,-1.07,0.0,-0.37,0.27999999999999997,-1.49,-0.6900000000000001,-1.34,-2.36,-4.75
201211,0.84,0.0,0.47,0.0,0.25,0.24,1.68,0.94,-0.68,1.91,3.92,2.68,0.99,2.13,0.8,-0.83,3.23,1.94,1.62,2.44,-1.24,0.13,-0.07,1.03,0.98,0.78,0.6,0.01,0.53,0.83,-0.01,0.45999999999999996,-0.01,0.24,0.22999999999999998,1.67,0.9299999999999999,-0.6900000000000001,1.9,3.91,2.6700000000000004,0.98,2.12,0.79,-0.84,3.22,1.93,1.61,2.43,-1.25,0.12000000000000001,-0.08,1.02,0.97
201212,4.68,4.31,4.05,2.55,1.8,4.36,4.33,3.53,3.99,2.6,6.9,2.39,3.01,2.63,2.65,5.12,3.12,1.88,1.78,0.73,3.63,2.23,0.42,0.24,0.07,1.18,1.49,0.01,-2.93,4.67,4.3,4.04,2.54,1.79,4.3500000000000005,4.32,3.52,3.9800000000000004,2.5900000000000003,6.890000000000001,2.3800000000000003,3.0,2.62,2.64,5.11,3.1100000000000003,1.8699999999999999,1.77,0.72,3.62,2.22,0.41,0.22999999999999998,0.060000000000000005
201301,5.63,4.82,4.94,6.92,6.09,5.88,7.28,5.43,5.97,6.82,6.88,5.84,5.26,6.19,9.27,8.51,8.09,8.35,6.31,7.27,8.79,5.59,6.33,5.44,0.17,5.57,0.28,0.0,-1.77,5.63,4.82,4.94,6.92,6.09,5.88,7.28,5.43,5.97,6.82,6.88,5.84,5.26,6.19,9.27,8.51,8.09,8.35,6.31,7.27,8.79,5.59,6.33,5.44,0.17
201302,-0.52,1.98,0.05,1.41,0.91,-0.14,1.38,1.85,1.05,1.73,-0.12,1.17,1.79,2.0,1.16,-2.39,1.59,1.47,1.82,1.96,-0.24,0.47,1.72,1.52,1.95,1.28,-0.29,0.0,1.24,-0.52,1.98,0.05,1.41,0.91,-0.14,1.38,1.85,1.05,1.73,-0.12,1.17,1.79,2.0,1.16,-2.39,1.59,1.47,1.82,1.96,-0.24,0.47,1.72,1.52,1.95
201303,3.3,3.84,3.93,5.24,7.41,3.53,3.89,4.22,6.63,6.22,5.55,4.91,4.81,5.23,4.86,3.69,3.95,5.02,5.1,5.45,2.56,3.75,4.22,3.31,5.29,4.04,0.83,0.0,1.91,3.3,3.84,3.93,5.24,7.41,3.53,3.89,4.22,6.63,6.22,5.55,4.91,4.81,5.23,4.86,3.69,3.95,5.02,5.1,5.45,2.56,3.75,4.22,3.31,5.29
201304,0.24,-0.73,-0.42,0.03,2.22,-0.2,-2.32,-0.93,-0.59,-1.39,-0.83,0.74,-0.97,0.75,-0.61,0.81,1.06,1.55,-0.61,-0.1,3.05,0.78,2.48,2.23,1.36,1.56,-2.37,0.0,0.19,0.24,-0.73,-0.42,0.03,2.22,-0.2,-2.32,-0.93,-0.59,-1.39,-0.83,0.74,-0.97,0.75,-0.61,0.81,1.06,1.55,-0.61,-0.1,3.05,0.78,2.48,2.23,1.36
201305,7.74,4.28,4.7,5.29,3.56,7.5,6.17,5.09,4.82,5.86,6.18,5.45,3.62,4.07,4.04,3.37,3.46,3.85,1.58,4.66,3.07,2.48,2.66,1.88,2.66,2.8,1.67,0.0,-2.01,7.74,4.28,4.7,5.29,3.56,7.5,6.17,5.09,4.82,5.86,6.18,5.45,3.62,4.07,4.04,3.37,3.46,3.85,1.58,4.66,3.07,2.48,2.66,1.88,2.66
201306,0.56,0.66,1.36,2.59,0.08,-1.16,0.03,-0.53,0.85,1.62,-2.08,0.27,0.25,-0.06,-0.97,-1.57,-1.52,-1.13,-1.28,-4.6,-5.1,-0.05,-1.32,0.44,-4.13,-1.2,1.31,0.0,0.58,0.56,0.66,1.36,2.59,0.08,-1.16,0.03,-0.53,0.85,1.62,-2.08,0.27,0.25,-0.06,-0.97,-1.57,-1.52,-1.13,-1.28,-4.6,-5.1,-0.05,-1.32,0.44,-4.13
201307,9.12,7.88,7.69,7.0,9.0,7.09,5.79,6.89,6.42,8.43,7.5,7.4,7.94,7.11,8.66,7.68,5.33,6.56,6.85,7.87,5.76,3.59,5.6,4.59,9.07,5.65,1.82,0.0,1.75,9.12,7.88,7.69,7.0,9.0,7.09,5.79,6.89,6.42,8.43,7.5,7.4,7.94,7.11,8.66,7.68,5.33,6.56,6.85,7.87,5.76,3.59,5.6,4.59,9.07
201308,-2.6,-3.79,-3.12,-2.85,-2.91,-3.42,-2.87,-2.68,-3.29,-1.59,-1.94,-3.28,-2.47,-2.39,-2.67,-1.62,-2.73,-2.22,-2.69,-2.75,-1.4,-3.24,-2.66,-3.44,-3.08,-2.71,0.32,0.0,0.05,-2.6,-3.79,-3.12,-2.85,-2.91,-3.42,-2.87,-2.68,-3.29,-1.59,-1.94,-3.28,-2.47,-2.39,-2.67,-1.62,-2.73,-2.22,-2.69,-2.75,-1.4,-3.24,-2.66,-3.44,-3.08
201309,6.25,5.09,6.21,5.57,7.3,5.23,4.61,6.05,7.37,7.86,5.41,4.0,5.73,6.57,7.65,4.19,4.51,5.36,5.52,6.59,1.01,2.83,3.77,4.41,5.66,3.77,2.89,0.0,3.04,6.25,5.09,6.21,5.57,7.3,5.23,4.61,6.05,7.37,7.86,5.41,4.0,5.73,6.57,7.65,4.19,4.51,5.36,5.52,6.59,1.01,2.83,3.77,4.41,5.66
201310,2.61,2.36,2.76,3.34,0.17,0.6,2.84,3.26,4.29,1.4,2.55,3.78,3.01,3.69,3.35,1.3,3.5,3.31,3.77,3.63,3.96,5.48,4.86,4.21,3.21,4.17,-1.56,0.0,0.07,2.61,2.36,2.76,3.34,0.17,0.6,2.84,3.26,4.29,1.4,2.55,3.78,3.01,3.69,3.35,1.3,3.5,3.31,3.77,3.63,3.96,5.48,4.86,4.21,3.21
201311,5.37,6.8,5.46,7.37,7.02,5.05,4.49,5.54,6.19,3.57,2.79,2.4,3.72,4.25,3.32,0.4,1.64,2.58,0.83,2.42,2.57,3.06,3.76,2.59,3.84,3.11,1.31,0.0,0.36,5.37,6.8,5.46,7.37,7.02,5.05,4.49,5.54,6.19,3.57,2.79,2.4,3.72,4.25,3.32,0.4,1.64,2.58,0.83,2.42,2.57,3.06,3.76,2.59,3.84
201312,2.5,2.63,0.88,2.16,2.84,2.77,1.34,1.68,1.8,3.35,3.86,3.38,2.15,1.06,2.72,2.78,2.97,2.41,4.25,3.25,3.5,1.34,2.19,3.04,3.75,2.81,-0.44,0.0,0.02,2.5,2.63,0.88,2.16,2.84,2.77,1.34,1.68,1.8,3.35,3.86,3.38,2.15,1.06,2.72,2.78,2.97,2.41,4.25,3.25,3.5,1.34,2.19,3.04,3.75
201401,-1.07,-2.68,-1.59,-2.42,-1.03,-4.24,-1.87,-5.31,-2.54,-2.29,-2.74,-3.84,-2.62,-3.82,-3.06,-2.68,-2.27,-2.91,-3.44,-0.29,-5.0,-4.22,-3.45,-3.7,0.05,-3.32,0.93,0.0,1.64,-1.07,-2.68,-1.59,-2.42,-1.03,-4.24,-1.87,-5.31,-2.54,-2.29,-2.74,-3.84,-2.62,-3.82,-3.06,-2.68,-2.27,-2.91,-3.44,-0.29,-5.0,-4.22,-3.45,-3.7,0.05
201402,3.93,1.72,6.19,4.22,4.81,4.32,3.53,3.09,5.55,4.79,6.07,4.88,4.68,5.97,5.9,3.97,4.74,5.94,5.85,7.67,3.58,3.75,3.9,4.59,7.35,4.66,0.36,0.0,2.16,3.93,1.72,6.19,4.22,4.81,4.32,3.53,3.09,5.55,4.79,6.07,4.88,4.68,5.97,5.9,3.97,4.74,5.94,5.85,7.67,3.58,3.75,3.9,4.59,7.35
201403,-0.11,1.18,2.32,0.22,-0.75,0.18,1.8,1.37,1.77,-2.31,-0.18,1.35,1.11,0.69,-4.43,1.19,-0.31,1.13,-0.19,-4.09,2.71,2.0,2.37,0.69,-4.44,0.43,-1.86,0.0,-3.27,-0.11,1.18,2.32,0.22,-0.75,0.18,1.8,1.37,1.77,-2.31,-0.18,1.35,1.11,0.69,-4.43,1.19,-0.31,1.13,-0.19,-4.09,2.71,2.0,2.37,0.69,-4.44
201404,-5.27,-4.08,-4.32,-4.38,-6.36,-1.48,-2.28,-4.04,-3.23,-5.28,-0.64,-0.28,-2.1,-3.23,-4.67,2.98,-0.28,-1.66,-1.61,-5.33,3.2,2.72,0.98,-1.75,-1.19,-0.18,-4.18,0.0,-3.89,-5.27,-4.08,-4.32,-4.38,-6.36,-1.48,-2.28,-4.04,-3.23,-5.28,-0.64,-0.28,-2.1,-3.23,-4.67,2.98,-0.28,-1.66,-1.61,-5.33,3.2,2.72,0.98,-1.75,-1.19
201405,-1.41,1.55,-0.12,0.97,-1.33,0.03,1.28,0.55,0.29,-0.89,0.68,1.52,0.57,1.15,0.53,0.39,2.05,2.06,2.1,2.37,0.03,1.28,2.57,3.2,5.25,2.05,-1.85,0.0,0.88,-1.41,1.55,-0.12,0.97,-1.33,0.03,1.28,0.55,0.29,-0.89,0.68,1.52,0.57,1.15,0.53,0.39,2.05,2.06,2.1,2.37,0.03,1.28,2.57,3.2,5.25
201406,5.81,3.16,3.97,3.75,5.76,5.61,5.65,6.77,4.54,5.99,6.23,5.09,4.53,4.76,8.46,4.45,3.55,4.59,3.51,4.2,0.61,1.47,1.95,1.96,3.12,2.6,3.05,0.0,0.65,5.81,3.16,3.97,3.75,5.76,5.61,5.65,6.77,4.54,5.99,6.23,5.09,4.53,4.76,8.46,4.45,3.55,4.59,3.51,4.2,0.61,1.47,1.95,1.96,3.12
201407,-6.46,-4.61,-4.37,-5.16,-7.88,-7.56,-5.63,-5.24,-4.95,-4.44,-4.8,-5.01,-5.72,-5.87,-6.5,-1.87,-2.7,-3.07,-3.94,-4.56,2.47,-1.27,-1.92,-1.97,0.19,-2.03,-4.17,0.0,-0.2,-6.46,-4.61,-4.37,-5.16,-7.88,-7.56,-5.63,-5.24,-4.95,-4.44,-4.8,-5.01,-5.72,-5.87,-6.5,-1.87,-2.7,-3.07,-3.94,-4.56,2.47,-1.27,-1.92,-1.97,0.19
201408,2.71,3.3,4.61,5.42,5.99,4.83,3.38,5.85,4.26,5.86,5.06,3.53,5.68,3.53,6.13,5.59,4.78,5.34,5.56,6.48,4.12,4.22,3.59,3.73,4.1,4.24,0.4,0.0,0.84,2.71,3.3,4.61,5.42,5.99,4.83,3.38,5.85,4.26,5.86,5.06,3.53,5.68,3.53,6.13,5.59,4.78,5.34,5.56,6.48,4.12,4.22,3.59,3.73,4.1
201409,-7.85,-5.47,-6.34,-4.17,-4.99,-7.76,-4.94,-4.24,-5.58,-4.63,-4.99,-6.09,-3.62,-6.31,-6.97,-3.16,-3.25,-3.99,-3.91,-4.03,-1.52,-0.66,-1.5,-0.88,-1.39,-1.96,-3.6,0.0,0.64,-7.85,-5.47,-6.34,-4.17,-4.99,-7.76,-4.94,-4.24,-5.58,-4.63,-4.99,-6.09,-3.62,-6.31,-6.97,-3.16,-3.25,-3.99,-3.91,-4.03,-1.52,-0.66,-1.5,-0.88,-1.39
201410,3.84,7.63,6.85,3.72,2.87,5.65,8.18,7.56,7.87,4.88,2.68,6.82,5.73,4.84,2.9,2.59,3.06,3.58,4.31,0.6,1.22,-0.35,2.88,3.19,1.64,2.51,4.02,0.0,-0.27,3.84,7.63,6.85,3.72,2.87,5.65,8.18,7.56,7.87,4.88,2.68,6.82,5.73,4.84,2.9,2.59,3.06,3.58,4.31,0.6,1.22,-0.35,2.88,3.19,1.64
201411,-2.63,-0.68,0.15,-1.66,-1.05,-0.62,-0.46,-0.63,-1.98,0.7,-0.89,1.91,0.35,1.16,2.48,-0.4,2.2,2.63,2.03,1.98,7.59,3.07,1.54,2.93,4.06,2.56,-2.05,0.0,0.69,-2.63,-0.68,0.15,-1.66,-1.05,-0.62,-0.46,-0.63,-1.98,0.7,-0.89,1.91,0.35,1.16,2.48,-0.4,2.2,2.63,2.03,1.98,7.59,3.07,1.54,2.93,4.06
201412,4.16,5.64,4.95,6.56,3.01,0.88,3.2,4.36,2.47,3.31,-2.12,0.97,1.52,1.47,1.35,3.51,-0.48,0.67,0.72,0.28,-4.71,-0.73,0.26,0.45,-1.33,-0.05,2.52,0.0,1.05,4.16,5.64,4.95,6.56,3.01,0.88,3.2,4.36,2.47,3.31,-2.12,0.97,1.52,1.47,1.35,3.51,-0.48,0.67,0.72,0.28,-4.71,-0.73,0.26,0.45,-1.33
201501,-7.78,-5.13,-4.42,-3.38,-4.32,-8.1,-6.1,-3.22,-3.69,-0.93,-6.16,-6.04,-3.35,-2.82,-0.45,-5.84,-5.11,-3.31,-0.77,0.81,-2.72,-3.43,-5.07,-3.97,-1.33,-3.1,-0.61,0.0,3.72,-7.78,-5.13,-4.42,-3.38,-4.32,-8.1,-6.1,-3.22,-3.69,-0.93,-6.16,-6.04,-3.35,-2.82,-0.45,-5.84,-5.11,-3.31,-0.77,0.81,-2.72,-3.43,-5.07,-3.97,-1.33
201502,8.81,4.79,4.65,4.51,4.17,9.93,7.19,7.6,5.87,6.84,11.06,8.44,7.07,7.42,5.94,10.38,8.14,6.61,6.71,5.51,7.8,7.25,6.67,4.68,5.5,6.13,0.64,0.0,-2.87,8.81,4.79,4.65,4.51,4.17,9.93,7.19,7.6,5.87,6.84,11.06,8.44,7.07,7.42,5.94,10.38,8.14,6.61,6.71,5.51,7.8,7.25,6.67,4.68,5.5
201503,-2.57,1.78,2.21,3.7,2.45,-1.18,3.06,2.12,2.46,1.04,-2.52,-0.46,1.32,2.3,3.85,-4.21,-0.48,0.9,0.62,1.4,-2.09,-2.19,-2.14,-1.31,-1.25,-1.11,3.06,0.0,2.72,-2.57,1.78,2.21,3.7,2.45,-1.18,3.06,2.12,2.46,1.04,-2.52,-0.46,1.32,2.3,3.85,-4.21,-0.48,0.9,0.62,1.4,-2.09,-2.19,-2.14,-1.31,-1.25
201504,2.64,-1.49,-0.83,-2.02,-4.3,4.61,-1.6,-3.07,-3.53,-4.77,5.72,0.35,-1.17,-3.74,-4.09,8.75,2.71,-0.23,-1.21,-2.93,8.04,4.13,2.3,0.46,-1.43,0.59,-2.98,0.0,-7.26,2.64,-1.49,-0.83,-2.02,-4.3,4.61,-1.6,-3.07,-3.53,-4.77,5.72,0.35,-1.17,-3.74,-4.09,8.75,2.71,-0.23,-1.21,-2.93,8.04,4.13,2.3,0.46,-1.43
201505,-2.3,0.12,-0.1,2.94,3.95,-2.2,0.96,0.46,1.14,5.29,-4.48,2.03,4.07,1.37,5.66,-6.23,-1.18,1.99,2.63,4.54,-5.73,-0.59,0.88,2.46,3.16,1.37,0.96,0.0,5.76,-2.3,0.12,-0.1,2.94,3.95,-2.2,0.96,0.46,1.14,5.29,-4.48,2.03,4.07,1.37,5.66,-6.23,-1.18,1.99,2.63,4.54,-5.73,-0.59,0.88,2.46,3.16
201506,-0.38,2.54,2.94,2.72,0.84,-1.94,0.39,0.86,2.39,2.85,-5.86,0.49,0.09,-0.31,1.82,-4.6,-1.54,-1.56,-1.09,-0.48,-3.42,-3.34,-2.1,-1.33,-0.55,-1.52,2.95,0.0,3.01,-0.38,2.54,2.94,2.72,0.84,-1.94,0.39,0.86,2.39,2.85,-5.86,0.49,0.09,-0.31,1.82,-4.6,-1.54,-1.56,-1.09,-0.48,-3.42,-3.34,-2.1,-1.33,-0.55
201507,-10.55,-4.48,-3.07,-1.16,-2.74,-10.53,-1.94,-0.93,0.0,0.04,-13.65,-3.24,-1.48,-0.06,3.42,-11.14,-1.2,2.31,1.82,3.06,-11.13,0.24,1.66,3.73,3.45,1.57,-4.17,0.0,10.04,-10.55,-4.48,-3.07,-1.16,-2.74,-10.53,-1.94,-0.93,0.0,0.04,-13.65,-3.24,-1.48,-0.06,3.42,-11.14,-1.2,2.31,1.82,3.06,-11.13,0.24,1.66,3.73,3.45
201508,-4.02,-6.24,-2.84,-2.45,-4.88,-3.85,-5.83,-4.19,-4.04,-7.57,-4.0,-3.72,-5.49,-6.11,-7.38,-3.77,-5.64,-6.23,-4.66,-7.6,-6.35,-4.68,-6.53,-6.89,-5.93,-6.02,0.37,0.0,-2.15,-4.02,-6.24,-2.84,-2.45,-4.88,-3.85,-5.83,-4.19,-4.04,-7.57,-4.0,-3.72,-5.49,-6.11,-7.38,-3.77,-5.64,-6.23,-4.66,-7.6,-6.35,-4.68,-6.53,-6.89,-5.93
201509,-12.68,-7.43,-3.02,-0.77,-7.67,-14.8,-5.24,-5.34,-1.87,-6.53,-13.42,-6.33,-4.02,-2.93,-3.64,-11.91,-5.97,-3.27,-2.92,-4.24,-6.72,-3.7,-1.12,-2.74,-1.79,-3.06,-2.63,0.0,5.26,-12.68,-7.43,-3.02,-0.77,-7.67,-14.8,-5.24,-5.34,-1.87,-6.53,-13.42,-6.33,-4.02,-2.93,-3.64,-11.91,-5.97,-3.27,-2.92,-4.24,-6.72,-3.7,-1.12,-2.74,-1.79
201510,6.87,6.53,6.5,4.75,5.13,11.19,8.34,5.23,4.74,4.35,6.51,7.72,5.16,3.61,5.45,8.36,7.2,6.48,5.5,4.33,13.08,7.4,8.93,7.86,7.44,7.75,-1.91,0.0,-3.29,6.87,6.53,6.5,4.75,5.13,11.19,8.34,5.23,4.74,4.35,6.51,7.72,5.16,3.61,5.45,8.36,7.2,6.48,5.5,4.33,13.08,7.4,8.93,7.86,7.44
201511,2.38,4.29,3.67,3.88,5.07,4.97,3.11,4.93,6.08,3.93,-1.62,0.9,1.69,3.08,3.45,-1.57,-0.56,1.89,2.36,0.56,-1.56,-1.48,0.63,0.49,0.65,0.57,3.58,0.0,2.3,2.38,4.29,3.67,3.88,5.07,4.97,3.11,4.93,6.08,3.93,-1.62,0.9,1.69,3.08,3.45,-1.57,-0.56,1.89,2.36,0.56,-1.56,-1.48,0.63,0.49,0.65
201512,-7.93,-6.56,-2.04,-2.87,-4.6,-6.01,-4.12,-4.23,-4.84,-4.68,-7.17,-6.93,-3.63,-6.59,-4.62,-3.62,-4.83,-4.06,-2.65,-3.07,-6.6,-2.73,-2.93,-0.26,0.05,-2.15,-2.8,0.01,3.33,-7.9399999999999995,-6.569999999999999,-2.05,-2.88,-4.609999999999999,-6.02,-4.13,-4.24,-4.85,-4.6899999999999995,-7.18,-6.9399999999999995,-3.6399999999999997,-6.6,-4.63,-3.63,-4.84,-4.069999999999999,-2.6599999999999997,-3.0799999999999996,-6.609999999999999,-2.7399999999999998,-2.94,-0.27,0.04
201601,-15.05,-11.05,-9.78,-5.44,-9.95,-12.23,-11.38,-8.65,-8.03,-10.89,-12.87,-7.79,-7.16,-6.8,-10.89,-9.4,-8.81,-7.78,-7.26,-6.57,-2.12,-4.64,-5.42,-6.18,-4.08,-5.74,-3.4,0.01,1.48,-15.06,-11.06,-9.79,-5.45,-9.959999999999999,-12.24,-11.39,-8.66,-8.04,-10.9,-12.879999999999999,-7.8,-7.17,-6.81,-10.9,-9.41,-8.82,-7.79,-7.27,-6.58,-2.13,-4.6499999999999995,-5.43,-6.1899999999999995,-4.09
201602,1.35,1.54,-1.1,0.09,-1.81,1.73,4.05,2.66,-2.39,-2.16,4.33,4.55,2.67,-1.19,-0.72,3.77,3.22,2.72,0.07,-0.52,2.29,2.58,1.35,-0.76,-2.54,-0.06,0.73,0.02,-4.36,1.33,1.52,-1.12,0.06999999999999999,-1.83,1.71,4.03,2.64,-2.41,-2.18,4.3100000000000005,4.53,2.65,-1.21,-0.74,3.75,3.2,2.7,0.05,-0.54,2.27,2.56,1.33,-0.78,-2.56
201603,14.32,6.3,7.44,6.87,3.46,14.94,11.11,7.94,5.78,6.72,14.01,11.18,6.81,7.76,6.51,11.17,10.35,8.67,6.6,5.93,9.64,8.15,7.4,5.96,5.94,6.95,0.75,0.02,-5.04,14.3,6.28,7.420000000000001,6.8500000000000005,3.44,14.92,11.09,7.920000000000001,5.760000000000001,6.7,13.99,11.16,6.79,7.74,6.49,11.15,10.33,8.65,6.58,5.91,9.620000000000001,8.13,7.380000000000001,5.94,5.920000000000001
201604,9.29,3.08,3.82,4.03,2.89,8.22,4.11,1.97,0.79,2.11,10.03,2.6,1.89,1.27,-0.72,8.8,2.17,2.01,0.47,-0.42,10.78,6.01,0.4,1.02,-1.18,0.92,0.77,0.01,-5.99,9.28,3.0700000000000003,3.81,4.0200000000000005,2.8800000000000003,8.21,4.1000000000000005,1.96,0.78,2.1,10.02,2.5900000000000003,1.88,1.26,-0.73,8.790000000000001,2.16,1.9999999999999998,0.45999999999999996,-0.43,10.77,6.0,0.39,1.01,-1.19
201605,-1.97,0.36,0.52,0.43,-0.53,0.55,2.55,2.71,1.81,3.7,-0.53,-1.3,1.76,3.29,1.86,-0.44,0.23,1.97,3.04,3.26,0.28,1.65,2.13,0.85,2.53,1.78,-0.18,0.01,1.39,-1.98,0.35,0.51,0.42,-0.54,0.54,2.54,2.7,1.8,3.6900000000000004,-0.54,-1.31,1.75,3.2800000000000002,1.85,-0.45,0.22,1.96,3.0300000000000002,3.25,0.27,1.64,2.12,0.84,2.52
201606,-2.09,-2.16,0.5,0.02,-0.2,-2.13,-1.75,-0.39,-0.25,1.47,-3.97,-4.23,-2.07,-0.03,2.0,-1.74,-2.53,-2.23,-0.96,2.03,-1.47,-4.2,-1.61,1.79,2.36,-0.03,0.6,0.02,4.14,-2.11,-2.18,0.48,0.0,-0.22,-2.15,-1.77,-0.41000000000000003,-0.27,1.45,-3.99,-4.25,-2.09,-0.05,1.98,-1.76,-2.55,-2.25,-0.98,2.01,-1.49,-4.22,-1.6300000000000001,1.77,2.34
201607,6.45,5.71,6.4,3.36,5.76,10.48,5.79,5.78,5.85,4.47,10.59,5.97,5.5,4.67,4.34,9.51,5.18,5.01,3.51,2.4,8.45,6.35,4.13,2.22,3.69,3.94,2.47,0.02,-3.38,6.430000000000001,5.69,6.380000000000001,3.34,5.74,10.46,5.7700000000000005,5.760000000000001,5.83,4.45,10.57,5.95,5.48,4.65,4.32,9.49,5.16,4.99,3.4899999999999998,2.38,8.43,6.33,4.11,2.2,3.67
201608,4.53,2.23,3.61,3.22,1.11,4.62,1.11,2.54,0.09,0.58,2.12,2.31,3.06,1.14,0.08,2.31,2.02,1.3,1.69,-0.67,4.09,1.96,1.27,-0.46,-1.77,0.49,1.19,0.02,-3.46,4.510000000000001,2.21,3.59,3.2,1.09,4.6000000000000005,1.09,2.52,0.06999999999999999,0.5599999999999999,2.1,2.29,3.04,1.1199999999999999,0.06,2.29,2.0,1.28,1.67,-0.6900000000000001,4.07,1.94,1.25,-0.48000000000000004,-1.79
201609,6.62,1.97,2.23,1.63,4.77,3.62,0.7,1.58,1.14,1.59,1.83,-0.61,-0.25,1.54,1.35,-1.06,0.32,-0.82,0.2,0.62,3.55,-0.69,-0.27,0.36,0.39,0.27,2.09,0.02,0.23,6.6000000000000005,1.95,2.21,1.6099999999999999,4.75,3.6,0.6799999999999999,1.56,1.1199999999999999,1.57,1.81,-0.63,-0.27,1.52,1.33,-1.08,0.3,-0.84,0.18000000000000002,0.6,3.53,-0.71,-0.29000000000000004,0.33999999999999997,0.37
201610,-8.65,-5.24,-3.37,-1.94,-7.19,-9.14,-4.82,-3.88,-3.07,-5.68,-5.93,-3.53,-2.85,-4.88,-4.45,-2.8,-1.31,-1.91,-3.57,-3.04,-3.31,0.71,-0.92,-2.61,-3.2,-2.01,-4.41,0.02,0.62,-8.67,-5.26,-3.39,-1.96,-7.21,-9.16,-4.84,-3.9,-3.09,-5.699999999999999,-5.949999999999999,-3.55,-2.87,-4.8999999999999995,-4.47,-2.82,-1.33,-1.93,-3.59,-3.06,-3.33,0.69,-0.9400000000000001,-2.63,-3.22
201611,10.16,13.04,12.52,13.0,11.61,10.87,14.38,11.89,12.93,11.91,11.67,9.81,11.65,10.46,7.85,7.34,7.56,6.92,5.39,7.28,9.03,5.89,4.23,1.12,0.94,4.86,5.6,0.01,-4.74,10.15,13.03,12.51,12.99,11.6,10.86,14.370000000000001,11.88,12.92,11.9,11.66,9.8,11.64,10.450000000000001,7.84,7.33,7.55,6.91,5.38,7.2700000000000005,9.02,5.88,4.220000000000001,1.11,0.9299999999999999
201612,3.4,4.88,6.32,5.55,2.75,0.92,3.45,3.12,4.42,0.52,-0.2,3.31,2.21,1.03,0.62,1.65,0.46,-0.5,0.87,-0.17,0.39,2.38,2.37,2.45,0.28,1.81,0.13,0.03,-0.26,3.37,4.85,6.29,5.52,2.72,0.89,3.4200000000000004,3.0900000000000003,4.39,0.49,-0.23,3.2800000000000002,2.18,1.0,0.59,1.6199999999999999,0.43000000000000005,-0.53,0.84,-0.2,0.36,2.35,2.3400000000000003,2.4200000000000004,0.25
201701,-0.66,-1.36,-1.93,-2.19,0.04,2.25,1.28,0.73,-1.67,2.07,2.94,2.07,0.06,0.25,2.04,3.92,3.34,1.66,1.61,2.33,3.29,1.97,1.8,1.47,3.44,1.94,-1.16,0.04,-0.92,-0.7000000000000001,-1.4000000000000001,-1.97,-2.23,0.0,2.21,1.24,0.69,-1.71,2.03,2.9,2.03,0.019999999999999997,0.21,2.0,3.88,3.3,1.6199999999999999,1.57,2.29,3.25,1.93,1.76,1.43,3.4
201702,2.04,1.02,2.29,0.97,-0.31,1.85,1.69,0.2,1.58,1.71,3.93,3.21,2.13,1.57,-0.31,2.64,3.43,3.3,3.1,3.93,4.26,3.73,4.7,3.87,-1.53,3.55,-2.13,0.04,-1.53,2.0,0.98,2.25,0.9299999999999999,-0.35,1.81,1.65,0.16,1.54,1.67,3.89,3.17,2.09,1.53,-0.35,2.6,3.39,3.26,3.06,3.89,4.22,3.69,4.66,3.83,-1.57
201703,2.09,0.61,0.37,1.51,1.44,-0.27,0.68,1.24,-0.49,-0.56,-0.29,1.91,1.14,0.38,-2.25,-0.88,1.18,0.04,0.55,-0.56,-0.72,0.49,1.1,-0.54,-1.07,0.17,1.13,0.03,-0.96,2.06,0.58,0.33999999999999997,1.48,1.41,-0.30000000000000004,0.65,1.21,-0.52,-0.5900000000000001,-0.31999999999999995,1.88,1.1099999999999999,0.35,-2.28,-0.91,1.15,0.010000000000000002,0.52,-0.5900000000000001,-0.75,0.45999999999999996,1.07,-0.5700000000000001,-1.1
201704,-1.43,5.6,1.56,2.14,0.42,1.27,0.9,2.27,2.01,1.04,-0.12,2.14,1.13,0.74,0.32,0.07,1.39,0.88,0.34,0.68,0.2,2.39,0.89,1.2,0.61,1.08,0.68,0.05,0.51,-1.48,5.55,1.51,2.0900000000000003,0.37,1.22,0.85,2.22,1.9599999999999997,0.99,-0.16999999999999998,2.0900000000000003,1.0799999999999998,0.69,0.27,0.020000000000000004,1.3399999999999999,0.83,0.29000000000000004,0.63,0.15000000000000002,2.3400000000000003,0.84,1.15,0.5599999999999999
201705,-5.29,-2.27,-1.78,-1.79,-2.91,-2.87,0.87,-1.68,-5.09,-1.94,0.35,-1.5,-0.38,-2.83,-1.11,-4.69,0.39,0.57,-0.24,1.72,-2.06,0.72,2.32,2.01,2.93,1.07,-2.51,0.06,1.49,-5.35,-2.33,-1.84,-1.85,-2.97,-2.93,0.81,-1.74,-5.1499999999999995,-2.0,0.29,-1.56,-0.44,-2.89,-1.1700000000000002,-4.75,0.33,0.51,-0.3,1.66,-2.12,0.6599999999999999,2.26,1.9499999999999997,2.87
201706,7.35,5.69,6.2,4.78,4.41,2.22,4.09,3.36,4.62,4.57,3.82,3.11,2.32,2.44,3.98,3.78,1.8,1.49,1.39,0.32,0.5,0.57,1.08,0.57,-1.45,0.79,2.22,0.06,-0.11,7.29,5.630000000000001,6.140000000000001,4.720000000000001,4.3500000000000005,2.16,4.03,3.3,4.5600000000000005,4.510000000000001,3.76,3.05,2.26,2.38,3.92,3.7199999999999998,1.74,1.43,1.3299999999999998,0.26,0.44,0.51,1.02,0.51,-1.51
201707,-1.89,-1.5,-0.98,-0.18,-0.29,-0.02,1.05,1.28,0.43,1.49,0.93,1.15,-0.06,-1.01,3.83,-1.15,1.8,0.87,1.4,3.37,1.97,1.16,0.92,2.4,3.91,1.88,-1.45,0.07,1.64,-1.96,-1.57,-1.05,-0.25,-0.36,-0.09000000000000001,0.98,1.21,0.36,1.42,0.8600000000000001,1.0799999999999998,-0.13,-1.08,3.7600000000000002,-1.22,1.73,0.8,1.3299999999999998,3.3000000000000003,1.9,1.0899999999999999,0.8500000000000001,2.33,3.8400000000000003
201708,-3.22,-1.8,-2.06,-1.81,1.36,-4.4,-2.63,-1.63,-1.18,-1.54,-1.81,-0.85,0.12,-1.23,-1.63,-5.91,-0.94,1.31,-0.16,1.14,-2.32,-0.1,0.23,1.17,1.81,0.18,-1.67,0.09,3.36,-3.31,-1.8900000000000001,-2.15,-1.9000000000000001,1.27,-4.49,-2.7199999999999998,-1.72,-1.27,-1.6300000000000001,-1.9000000000000001,-0.94,0.03,-1.32,-1.72,-6.0,-1.03,1.22,-0.25,1.0499999999999998,-2.4099999999999997,-0.19,0.14,1.0799999999999998,1.72
201709,11.26,8.84,10.26,8.54,7.61,8.15,6.85,7.64,7.18,7.81,2.42,7.0,5.1,4.84,6.02,4.91,4.3,3.25,3.08,3.36,3.11,3.12,2.31,1.1,1.51,2.49,4.45,0.09,-1.34,11.17,8.75,10.17,8.45,7.5200000000000005,8.06,6.76,7.55,7.09,7.72,2.33,6.91,5.01,4.75,5.93,4.82,4.21,3.16,2.99,3.27,3.02,3.0300000000000002,2.22,1.01,1.42
201710,-3.57,1.54,0.25,1.31,0.52,-3.8,0.57,0.67,1.46,1.38,-3.09,0.05,1.83,2.61,1.49,-1.38,0.13,0.52,3.54,4.52,-5.67,-1.22,3.03,2.52,5.44,2.26,-1.93,0.09,4.24,-3.6599999999999997,1.45,0.16,1.22,0.43000000000000005,-3.8899999999999997,0.48,0.5800000000000001,1.3699999999999999,1.2899999999999998,-3.1799999999999997,-0.039999999999999994,1.74,2.52,1.4,-1.47,0.04000000000000001,0.43000000000000005,3.45,4.43,-5.76,-1.31,2.94,2.43,5.3500000000000005
201711,5.31,3.31,2.11,2.48,3.19,0.75,5.3,5.01,3.62,0.67,4.16,2.07,3.77,3.7,3.6,6.95,4.41,3.44,4.6,4.41,4.69,3.79,2.86,2.86,2.39,3.12,-0.6,0.08,-0.91,5.2299999999999995,3.23,2.03,2.4,3.11,0.67,5.22,4.93,3.54,0.5900000000000001,4.08,1.9899999999999998,3.69,3.62,3.52,6.87,4.33,3.36,4.52,4.33,4.61,3.71,2.78,2.78,2.31
201712,2.03,-1.0,-2.62,-1.22,0.6,2.05,-0.96,-1.89,-0.38,1.67,1.79,0.54,-0.65,1.08,-0.57,5.84,2.69,2.14,-0.64,-0.44,3.16,2.72,1.91,0.99,-0.16,1.06,-1.32,0.09,-1.57,1.9399999999999997,-1.09,-2.71,-1.31,0.51,1.9599999999999997,-1.05,-1.98,-0.47,1.5799999999999998,1.7,0.45000000000000007,-0.74,0.9900000000000001,-0.6599999999999999,5.75,2.6,2.0500000000000003,-0.73,-0.53,3.0700000000000003,2.6300000000000003,1.8199999999999998,0.9,-0.25
201801,1.36,2.06,2.16,3.26,2.84,4.22,3.18,0.67,1.99,5.22,-2.19,1.75,3.37,2.55,5.08,1.91,4.35,4.6,3.75,7.13,1.76,3.41,4.4,6.96,9.13,5.58,-3.16,0.11,4.06,1.25,1.95,2.0500000000000003,3.15,2.73,4.109999999999999,3.0700000000000003,0.56,1.88,5.109999999999999,-2.3,1.64,3.2600000000000002,2.44,4.97,1.7999999999999998,4.239999999999999,4.489999999999999,3.64,7.02,1.65,3.3000000000000003,4.29,6.85,9.020000000000001
201802,-4.5,-3.67,-3.52,-3.5,-3.09,-4.77,-3.72,-0.81,-3.5,-3.97,-6.6,-4.37,-4.17,-2.9,-2.97,-5.03,-5.05,-3.28,-3.24,-3.62,-8.7,-7.03,-5.49,-2.41,-0.42,-3.64,0.27,0.11,3.6,-4.61,-3.78,-3.63,-3.61,-3.1999999999999997,-4.88,-3.83,-0.92,-3.61,-4.08,-6.71,-4.48,-4.28,-3.01,-3.08,-5.140000000000001,-5.16,-3.3899999999999997,-3.35,-3.73,-8.809999999999999,-7.140000000000001,-5.6000000000000005,-2.52,-0.53
201803,1.27,1.87,4.83,1.53,2.25,-0.74,0.97,2.2,1.56,0.68,0.48,0.52,0.42,-0.38,-0.28,0.09,-1.15,0.11,-0.26,0.7,-2.75,-0.73,-2.0,-3.58,-3.44,-2.35,4.05,0.12,-1.21,1.15,1.75,4.71,1.4100000000000001,2.13,-0.86,0.85,2.08,1.44,0.56,0.36,0.4,0.3,-0.5,-0.4,-0.03,-1.27,-0.009999999999999995,-0.38,0.58,-2.87,-0.85,-2.12,-3.7,-3.56
201804,1.78,3.25,1.34,-1.34,1.6,3.51,2.6,0.49,0.34,-0.47,0.96,-0.41,-0.71,0.13,3.55,4.2,0.32,0.44,0.3,-2.22,-0.59,-0.96,1.3,-0.42,1.56,0.27,1.09,0.14,0.45,1.6400000000000001,3.11,1.2000000000000002,-1.48,1.46,3.3699999999999997,2.46,0.35,0.2,-0.61,0.82,-0.55,-0.85,-0.010000000000000009,3.4099999999999997,4.0600000000000005,0.18,0.3,0.15999999999999998,-2.3600000000000003,-0.73,-1.1,1.1600000000000001,-0.56,1.42
201805,7.66,6.02,5.03,7.36,9.76,6.01,4.6,5.56,4.31,10.69,5.79,2.68,3.07,4.24,9.72,-1.13,1.11,1.66,2.11,6.42,-2.84,0.43,2.42,2.08,5.05,2.66,5.24,0.14,3.91,7.5200000000000005,5.88,4.890000000000001,7.220000000000001,9.62,5.87,4.46,5.42,4.17,10.549999999999999,5.65,2.54,2.9299999999999997,4.1000000000000005,9.58,-1.27,0.9700000000000001,1.52,1.9699999999999998,6.28,-2.98,0.29,2.28,1.94,4.91
201806,0.16,0.77,2.5,0.92,2.08,3.05,3.19,0.09,0.01,2.21,1.47,1.13,-0.01,-1.18,0.6,6.49,2.44,0.41,-0.4,-1.39,4.14,0.79,-0.05,0.42,-0.44,0.49,1.11,0.14,-2.29,0.01999999999999999,0.63,2.36,0.78,1.94,2.9099999999999997,3.05,-0.05000000000000002,-0.13,2.07,1.33,0.9899999999999999,-0.15000000000000002,-1.3199999999999998,0.45999999999999996,6.3500000000000005,2.3,0.26999999999999996,-0.54,-1.5299999999999998,3.9999999999999996,0.65,-0.19,0.27999999999999997,-0.5800000000000001
201807,-0.65,-1.04,1.74,-0.08,-1.02,2.54,1.81,3.05,2.42,2.47,1.81,1.86,1.8,1.42,1.98,1.4,3.23,3.42,3.17,0.35,3.44,5.55,5.47,2.18,2.58,3.2,-2.22,0.16,-1.43,-0.81,-1.2,1.58,-0.24,-1.18,2.38,1.6500000000000001,2.8899999999999997,2.26,2.31,1.6500000000000001,1.7000000000000002,1.6400000000000001,1.26,1.82,1.24,3.07,3.26,3.01,0.18999999999999997,3.28,5.39,5.31,2.02,2.42
201808,2.85,2.74,3.67,3.37,7.19,3.27,3.48,3.59,2.83,8.3,2.99,2.87,3.13,3.03,7.2,-0.48,0.12,2.01,3.69,9.54,0.76,0.33,2.53,4.53,7.32,3.45,1.17,0.16,5.33,2.69,2.58,3.51,3.21,7.03,3.11,3.32,3.4299999999999997,2.67,8.14,2.83,2.71,2.9699999999999998,2.8699999999999997,7.04,-0.64,-0.04000000000000001,1.8499999999999999,3.53,9.379999999999999,0.6,0.17,2.3699999999999997,4.37,7.16
201809,-2.36,-1.78,-2.91,-3.62,-4.29,-1.3,-2.45,-3.92,-2.47,-1.71,-2.8,-1.43,-3.1,-2.23,-4.15,-1.46,0.48,-1.33,-0.58,1.31,0.78,1.16,-0.07,0.27,1.32,0.06,-2.29,0.15,-0.1,-2.51,-1.93,-3.06,-3.77,-4.44,-1.45,-2.6,-4.07,-2.62,-1.8599999999999999,-2.9499999999999997,-1.5799999999999998,-3.25,-2.38,-4.300000000000001,-1.6099999999999999,0.32999999999999996,-1.48,-0.73,1.1600000000000001,0.63,1.01,-0.22,0.12000000000000002,1.1700000000000002
201810,-14.2,-9.19,-8.78,-9.3,-11.17,-12.58,-10.53,-8.4,-11.25,-13.16,-10.07,-9.5,-8.36,-10.2,-11.84,-9.96,-8.39,-8.95,-7.46,-11.59,-5.28,-5.58,-4.59,-6.43,-10.07,-7.65,-4.67,0.19,-2.0,-14.389999999999999,-9.379999999999999,-8.969999999999999,-9.49,-11.36,-12.77,-10.719999999999999,-8.59,-11.44,-13.35,-10.26,-9.69,-8.549999999999999,-10.389999999999999,-12.03,-10.15,-8.58,-9.139999999999999,-7.65,-11.78,-5.470000000000001,-5.7700000000000005,-4.78,-6.62,-10.26
201811,-1.82,-0.2,-0.01,0.74,-3.53,3.68,1.73,0.99,1.54,0.29,5.45,3.14,2.22,2.05,-1.93,4.7,3.3,2.23,3.69,0.32,-3.11,2.58,4.56,-0.63,1.95,1.71,-0.72,0.18,-1.42,-2.0,-0.38,-0.19,0.56,-3.71,3.5,1.55,0.81,1.36,0.10999999999999999,5.2700000000000005,2.96,2.04,1.8699999999999999,-2.11,4.5200000000000005,3.1199999999999997,2.05,3.51,0.14,-3.29,2.4,4.38,-0.81,1.77
201812,-17.63,-12.51,-10.29,-10.8,-12.94,-13.54,-12.62,-12.57,-9.6,-11.91,-14.0,-13.64,-10.71,-11.01,-11.81,-13.47,-12.04,-9.43,-11.3,-9.2,-9.96,-8.98,-9.92,-8.28,-8.46,-9.55,-2.33,0.19,1.75,-17.82,-12.7,-10.479999999999999,-10.99,-13.129999999999999,-13.729999999999999,-12.809999999999999,-12.76,-9.79,-12.1,-14.19,-13.83,-10.9,-11.2,-12.0,-13.66,-12.229999999999999,-9.62,-11.49,-9.389999999999999,-10.15,-9.17,-10.11,-8.469999999999999,-8.65
201901,18.92,11.61,7.28,7.26,9.99,20.0,12.87,10.7,8.74,9.24,19.87,14.62,11.68,7.96,10.1,16.08,12.09,11.93,9.12,9.92,19.02,12.46,7.37,6.14,7.58,8.37,2.73,0.21,-8.64,18.71,11.399999999999999,7.07,7.05,9.78,19.79,12.659999999999998,10.489999999999998,8.53,9.03,19.66,14.409999999999998,11.469999999999999,7.75,9.889999999999999,15.869999999999997,11.879999999999999,11.719999999999999,8.909999999999998,9.709999999999999,18.81,12.25,7.16,5.93,7.37
201902,7.98,6.25,5.15,5.16,5.5,4.06,7.16,6.31,5.45,4.19,4.74,4.83,4.11,5.19,5.2,6.32,3.94,3.27,5.34,5.39,-0.18,2.6,2.81,2.65,5.06,3.42,2.05,0.18,0.76,7.800000000000001,6.07,4.970000000000001,4.98,5.32,3.8799999999999994,6.98,6.13,5.2700000000000005,4.010000000000001,4.5600000000000005,4.65,3.93,5.010000000000001,5.0200000000000005,6.140000000000001,3.76,3.09,5.16,5.21,-0.36,2.42,2.63,2.4699999999999998,4.88
201903,-3.3,-3.83,-4.1,-3.4,-1.19,-3.39,-3.13,-3.31,-2.47,-1.46,-2.58,-2.76,-2.91,-1.17,-0.47,-0.25,-2.12,-0.14,1.41,0.27,1.76,-0.67,2.17,2.57,1.92,1.1,-3.06,0.19,2.27,-3.4899999999999998,-4.0200000000000005,-4.29,-3.59,-1.38,-3.58,-3.32,-3.5,-2.66,-1.65,-2.77,-2.9499999999999997,-3.1,-1.3599999999999999,-0.6599999999999999,-0.44,-2.31,-0.33,1.22,0.08000000000000002,1.57,-0.8600000000000001,1.98,2.38,1.73
201904,1.86,3.58,2.81,1.18,0.08,3.51,5.36,3.59,3.32,1.79,5.65,5.37,4.74,3.66,1.47,6.07,5.14,5.08,3.13,3.32,5.35,4.96,6.95,3.08,2.87,3.97,-1.69,0.21,-2.91,1.6500000000000001,3.37,2.6,0.97,-0.13,3.3,5.15,3.38,3.11,1.58,5.44,5.16,4.53,3.45,1.26,5.86,4.93,4.87,2.92,3.11,5.14,4.75,6.74,2.87,2.66
201905,-13.99,-6.8,-7.17,-7.16,-5.62,-14.86,-10.05,-8.67,-7.33,-4.67,-15.97,-10.35,-9.84,-6.91,-4.97,-13.66,-11.62,-7.58,-6.23,-3.05,-14.14,-10.92,-7.13,-6.7,-3.81,-6.92,-1.22,0.21,7.56,-14.200000000000001,-7.01,-7.38,-7.37,-5.83,-15.07,-10.260000000000002,-8.88,-7.54,-4.88,-16.18,-10.56,-10.05,-7.12,-5.18,-13.870000000000001,-11.83,-7.79,-6.44,-3.26,-14.350000000000001,-11.13,-7.34,-6.91,-4.0200000000000005
201906,6.79,6.54,5.8,4.96,6.02,7.78,8.73,6.4,7.54,7.85,7.71,9.07,8.13,7.7,6.8,12.36,10.26,7.87,6.21,7.87,12.85,7.41,7.66,6.82,6.47,6.99,0.1,0.18,-2.26,6.61,6.36,5.62,4.78,5.84,7.6000000000000005,8.55,6.220000000000001,7.36,7.67,7.53,8.89,7.950000000000001,7.5200000000000005,6.62,12.18,10.08,7.69,6.03,7.69,12.67,7.23,7.48,6.640000000000001,6.29
201907,-4.78,-2.0,-1.56,1.57,-0.32,-3.82,1.21,0.74,0.99,0.3,-4.07,0.2,2.76,1.22,3.1,-1.04,3.11,1.0,1.05,1.89,3.84,-0.07,2.48,1.39,1.21,1.23,-1.96,0.19,2.93,-4.970000000000001,-2.19,-1.75,1.3800000000000001,-0.51,-4.01,1.02,0.55,0.8,0.10999999999999999,-4.260000000000001,0.010000000000000009,2.57,1.03,2.91,-1.23,2.92,0.81,0.8600000000000001,1.7,3.65,-0.26,2.29,1.2,1.02
201908,-9.14,-7.26,-6.91,-5.19,-3.47,-7.12,-8.76,-4.75,-0.97,-4.87,-12.16,-7.62,-5.52,-2.65,-2.77,-15.08,-11.19,-3.77,-1.84,-1.83,-8.82,-5.76,-5.01,-1.15,0.9,-2.55,-2.39,0.16,7.47,-9.3,-7.42,-7.07,-5.3500000000000005,-3.6300000000000003,-7.28,-8.92,-4.91,-1.13,-5.03,-12.32,-7.78,-5.68,-2.81,-2.93,-15.24,-11.35,-3.93,-2.0,-1.99,-8.98,-5.92,-5.17,-1.3099999999999998,0.74
201909,7.14,3.72,4.31,2.52,-2.94,4.74,5.22,5.28,1.18,-4.79,6.64,4.64,3.47,2.96,-2.62,5.35,6.2,3.99,2.66,-3.75,4.56,5.37,1.81,3.07,-0.41,1.41,-0.97,0.18,-6.74,6.96,3.54,4.13,2.34,-3.12,4.5600000000000005,5.04,5.1000000000000005,1.0,-4.97,6.46,4.46,3.29,2.78,-2.8000000000000003,5.17,6.0200000000000005,3.81,2.48,-3.93,4.38,5.19,1.6300000000000001,2.8899999999999997,-0.59
201910,-1.96,0.38,1.03,3.02,2.77,-1.82,2.88,2.69,4.23,2.69,2.27,2.15,3.16,2.49,2.55,-3.3,1.46,3.33,1.1,1.05,10.06,4.95,4.54,1.78,0.39,2.07,0.27,0.15,0.13,-2.11,0.23,0.88,2.87,2.62,-1.97,2.73,2.54,4.08,2.54,2.12,2.0,3.0100000000000002,2.3400000000000003,2.4,-3.4499999999999997,1.31,3.18,0.9500000000000001,0.9,9.91,4.8,4.39,1.6300000000000001,0.24000000000000002
201911,6.67,2.62,4.32,4.85,6.38,4.24,4.39,5.93,2.23,5.15,4.35,5.27,3.08,2.37,5.68,6.43,5.91,4.85,2.72,6.01,6.56,6.55,4.19,3.34,2.52,3.87,0.72,0.12,-2.61,6.55,2.5,4.2,4.7299999999999995,6.26,4.12,4.27,5.81,2.11,5.03,4.2299999999999995,5.1499999999999995,2.96,2.25,5.56,6.31,5.79,4.7299999999999995,2.6,5.89,6.4399999999999995,6.43,4.07,3.2199999999999998,2.4
201912,12.89,3.55,3.87,4.51,4.01,5.96,3.15,4.65,1.37,5.99,9.21,2.62,2.97,1.88,1.14,7.3,4.4,2.04,1.41,0.28,3.72,3.41,2.27,2.68,3.48,2.77,0.76,0.14,-2.24,12.75,3.4099999999999997,3.73,4.37,3.8699999999999997,5.82,3.01,4.510000000000001,1.23,5.8500000000000005,9.07,2.48,2.83,1.7399999999999998,0.9999999999999999,7.16,4.260000000000001,1.9,1.27,0.14,3.58,3.27,2.13,2.54,3.34
202001,-7.31,-4.79,-5.88,-5.55,-1.75,-8.57,-5.48,-4.41,-4.43,-1.82,-6.96,-6.25,-0.91,-2.52,-0.99,-6.02,-4.01,-1.99,0.96,0.7,-12.37,-2.6,1.44,-0.84,4.03,-0.11,-3.1,0.13,6.02,-7.4399999999999995,-4.92,-6.01,-5.68,-1.88,-8.700000000000001,-5.61,-4.54,-4.56,-1.9500000000000002,-7.09,-6.38,-1.04,-2.65,-1.12,-6.1499999999999995,-4.14,-2.12,0.83,0.57,-12.5,-2.73,1.31,-0.97,3.9000000000000004
202002,-7.65,-6.9,-8.37,-7.44,-5.36,-10.54,-9.7,-8.77,-8.96,-8.54,-9.83,-9.31,-11.29,-8.58,-6.0,-13.4,-9.45,-10.18,-9.4,-7.06,-3.72,-7.24,-8.0,-8.39,-7.46,-8.15,1.08,0.12,-0.25,-7.7700000000000005,-7.0200000000000005,-8.489999999999998,-7.5600000000000005,-5.48,-10.659999999999998,-9.819999999999999,-8.889999999999999,-9.08,-8.659999999999998,-9.95,-9.43,-11.409999999999998,-8.7,-6.12,-13.52,-9.569999999999999,-10.299999999999999,-9.52,-7.18,-3.8400000000000003,-7.36,-8.12,-8.51,-7.58
202003,-29.11,-22.88,-23.45,-22.99,-23.85,-25.93,-25.05,-21.57,-23.23,-25.7,-27.11,-25.05,-22.41,-22.39,-19.16,-38.45,-24.49,-21.73,-17.9,-16.01,-31.69,-15.32,-12.45,-10.45,-10.36,-13.37,-4.69,0.12,8.2,-29.23,-23.0,-23.57,-23.11,-23.970000000000002,-26.05,-25.17,-21.69,-23.35,-25.82,-27.23,-25.17,-22.53,-22.51,-19.28,-38.57,-24.61,-21.85,-18.02,-16.130000000000003,-31.810000000000002,-15.44,-12.569999999999999,-10.569999999999999,-10.479999999999999
202004,32.05,15.5,10.89,11.93,20.46,28.35,14.07,13.84,16.05,20.19,30.83,21.24,13.27,12.86,18.69,27.65,17.2,15.53,11.83,14.72,22.48,14.0,10.91,13.44,13.15,13.6,2.5,0.0,-5.61,32.05,15.5,10.89,11.93,20.46,28.35,14.07,13.84,16.05,20.19,30.83,21.24,13.27,12.86,18.69,27.65,17.2,15.53,11.83,14.72,22.48,14.0,10.91,13.44,13.15
202005,9.11,5.8,4.18,1.72,9.23,11.84,7.53,3.03,3.99,11.5,5.79,6.97,5.96,6.79,8.94,2.62,6.67,6.16,6.78,10.11,3.81,4.51,4.79,5.17,5.2,5.57,2.4,0.01,0.15,9.1,5.79,4.17,1.71,9.22,11.83,7.5200000000000005,3.02,3.9800000000000004,11.49,5.78,6.96,5.95,6.78,8.93,2.6100000000000003,6.66,6.15,6.7700000000000005,10.1,3.8000000000000003,4.5,4.78,5.16,5.19
202006,9.44,5.94,3.26,2.18,9.53,5.06,3.62,3.35,1.94,6.97,8.9,2.87,2.07,2.99,4.43,12.16,3.18,0.09,0.81,1.81,14.16,-0.72,-1.09,-1.74,4.48,2.45,2.67,0.01,-0.87,9.43,5.930000000000001,3.25,2.1700000000000004,9.52,5.05,3.6100000000000003,3.3400000000000003,1.93,6.96,8.89,2.8600000000000003,2.06,2.9800000000000004,4.42,12.15,3.1700000000000004,0.08,0.8,1.8,14.15,-0.73,-1.1,-1.75,4.470000000000001
202007,2.45,-1.45,1.5,4.94,3.57,-2.34,0.52,3.71,4.0,4.86,-0.85,1.07,3.71,4.51,4.27,-0.82,3.1,5.35,5.99,8.03,-10.39,-2.13,3.46,5.71,7.61,5.83,-2.35,0.01,7.7,2.4400000000000004,-1.46,1.49,4.930000000000001,3.56,-2.3499999999999996,0.51,3.7,3.99,4.8500000000000005,-0.86,1.06,3.7,4.5,4.26,-0.83,3.0900000000000003,5.34,5.98,8.02,-10.4,-2.1399999999999997,3.45,5.7,7.6000000000000005
202008,8.24,5.78,6.5,4.92,3.34,8.27,9.01,5.64,5.99,1.85,6.95,4.39,3.6,3.01,6.31,7.11,5.97,4.41,5.07,2.37,3.95,3.3,5.28,5.64,10.33,7.62,-0.2,0.01,0.43,8.23,5.7700000000000005,6.49,4.91,3.33,8.26,9.0,5.63,5.98,1.84,6.94,4.38,3.5900000000000003,3.0,6.3,7.1000000000000005,5.96,4.4,5.0600000000000005,2.3600000000000003,3.9400000000000004,3.29,5.2700000000000005,5.63,10.32
202009,-6.44,-2.45,-3.92,-2.17,-0.04,-7.22,-5.82,-5.95,-1.55,-3.78,-7.72,-6.72,-3.31,-3.41,-2.11,-6.01,-2.56,-2.53,-2.51,0.66,-7.14,-5.32,-1.23,-1.21,-5.81,-3.64,0.06,0.01,3.18,-6.45,-2.46,-3.9299999999999997,-2.1799999999999997,-0.05,-7.2299999999999995,-5.83,-5.96,-1.56,-3.7899999999999996,-7.7299999999999995,-6.7299999999999995,-3.32,-3.42,-2.1199999999999997,-6.02,-2.57,-2.5399999999999996,-2.5199999999999996,0.65,-7.1499999999999995,-5.33,-1.24,-1.22,-5.819999999999999
202010,1.01,4.44,0.98,3.92,-2.27,7.44,3.9,1.84,5.0,1.79,4.54,6.49,3.77,3.07,0.26,4.97,1.58,1.05,-0.47,1.42,-5.98,0.87,-2.7,-3.41,-2.86,-2.08,4.34,0.01,-3.1,1.0,4.430000000000001,0.97,3.91,-2.28,7.430000000000001,3.89,1.83,4.99,1.78,4.53,6.48,3.7600000000000002,3.06,0.25,4.96,1.57,1.04,-0.48,1.41,-5.99,0.86,-2.71,-3.42,-2.8699999999999997
202011,31.72,19.1,16.29,21.5,18.53,27.4,17.17,15.65,17.48,18.48,31.97,17.04,15.66,14.97,15.61,28.64,20.86,14.07,11.32,13.68,30.44,18.73,14.43,10.69,9.62,12.45,5.81,0.01,-12.6,31.709999999999997,19.09,16.279999999999998,21.49,18.52,27.389999999999997,17.16,15.64,17.47,18.47,31.959999999999997,17.029999999999998,15.65,14.96,15.6,28.63,20.849999999999998,14.06,11.31,13.67,30.43,18.72,14.42,10.68,9.61
202012,11.93,8.03,4.94,7.46,9.38,13.62,9.72,7.19,10.38,9.6,9.99,8.01,6.9,8.1,10.64,9.49,7.75,4.53,3.65,6.77,4.88,6.85,3.41,4.03,3.79,4.63,5.01,0.01,-2.26,11.92,8.02,4.930000000000001,7.45,9.370000000000001,13.61,9.71,7.180000000000001,10.370000000000001,9.59,9.98,8.0,6.890000000000001,8.09,10.63,9.48,7.74,4.5200000000000005,3.64,6.76,4.87,6.84,3.4000000000000004,4.0200000000000005,3.7800000000000002
202101,14.94,6.78,5.03,9.01,20.49,5.97,2.47,5.85,4.64,20.37,1.08,-0.48,2.0,1.97,8.68,2.33,-0.02,0.55,-2.2,3.41,0.08,-0.3,-2.34,-3.8,0.68,-0.07,7.14,0.0,4.34,14.94,6.78,5.03,9.01,20.49,5.97,2.47,5.85,4.64,20.37,1.08,-0.48,2.0,1.97,8.68,2.33,-0.02,0.55,-2.2,3.41,0.08,-0.3,-2.34,-3.8,0.68
202102,13.47,11.11,11.39,8.7,8.49,14.1,9.68,8.58,10.28,7.5,14.39,10.54,9.19,8.77,2.83,9.81,9.2,6.39,6.06,1.84,11.69,6.5,2.56,2.61,-1.63,2.81,2.02,0.0,-7.99,13.47,11.11,11.39,8.7,8.49,14.1,9.68,8.58,10.28,7.5,14.39,10.54,9.19,8.77,2.83,9.81,9.2,6.39,6.06,1.84,11.69,6.5,2.56,2.61,-1.63
202103,3.75,4.95,3.65,5.83,-0.98,3.06,4.77,4.1,4.92,-0.67,5.5,5.26,3.59,2.58,-2.04,6.81,5.85,5.7,3.92,-1.41,7.02,6.18,6.71,3.34,-1.55,3.17,-2.33,0.0,-6.1,3.75,4.95,3.65,5.83,-0.98,3.06,4.77,4.1,4.92,-0.67,5.5,5.26,3.59,2.58,-2.04,6.81,5.85,5.7,3.92,-1.41,7.02,6.18,6.71,3.34,-1.55
202104,-1.76,1.16,1.38,1.22,-0.54,0.84,1.01,3.41,1.38,3.3,0.53,3.24,2.74,3.16,2.36,4.7,4.93,5.31,4.89,3.77,2.2,6.87,6.38,3.99,6.33,4.95,-3.19,0.0,1.22,-1.76,1.16,1.38,1.22,-0.54,0.84,1.01,3.41,1.38,3.3,0.53,3.24,2.74,3.16,2.36,4.7,4.93,5.31,4.89,3.77,2.2,6.87,6.38,3.99,6.33
202105,0.07,3.17,4.02,4.75,2.48,0.94,1.91,1.63,-0.8,3.21,-2.8,0.6,0.29,1.49,-0.12,0.76,-1.01,1.73,0.71,-1.21,1.01,-0.2,0.38,2.97,-3.21,0.3,-0.2,0.0,0.56,0.07,3.17,4.02,4.75,2.48,0.94,1.91,1.63,-0.8,3.21,-2.8,0.6,0.29,1.49,-0.12,0.76,-1.01,1.73,0.71,-1.21,1.01,-0.2,0.38,2.97,-3.21
202106,1.73,0.84,-0.9,-0.09,5.72,3.28,0.2,-1.08,1.16,5.34,2.15,0.22,-0.27,-0.96,5.76,2.16,1.06,-0.34,0.93,2.11,1.02,3.94,3.1,0.66,7.38,2.74,1.7,0.0,2.07,1.73,0.84,-0.9,-0.09,5.72,3.28,0.2,-1.08,1.16,5.34,2.15,0.22,-0.27,-0.96,5.76,2.16,1.06,-0.34,0.93,2.11,1.02,3.94,3.1,0.66,7.38
202107,-6.71,-1.76,-2.94,-4.14,-7.89,-4.75,-2.84,-2.7,-2.17,-7.98,-1.49,-0.26,-0.17,-2.83,-4.49,1.01,2.96,-0.47,-2.16,-5.13,1.45,3.57,2.39,-0.5,1.85,1.34,-3.93,0.0,-2.18,-6.71,-1.76,-2.94,-4.14,-7.89,-4.75,-2.84,-2.7,-2.17,-7.98,-1.49,-0.26,-0.17,-2.83,-4.49,1.01,2.96,-0.47,-2.16,-5.13,1.45,3.57,2.39,-0.5,1.85
202108,5.32,2.29,2.64,1.38,3.27,0.27,2.18,2.23,2.32,3.59,0.14,1.82,0.84,2.46,2.4,0.23,1.57,2.56,4.69,6.06,1.42,3.53,2.0,5.43,3.07,2.94,-0.32,0.0,2.63,5.32,2.29,2.64,1.38,3.27,0.27,2.18,2.23,2.32,3.59,0.14,1.82,0.84,2.46,2.4,0.23,1.57,2.56,4.69,6.06,1.42,3.53,2.0,5.43,3.07
202109,-2.77,-4.71,-1.95,-0.97,-2.24,-2.47,-2.98,-2.52,-1.28,-2.64,-2.05,-1.65,-3.2,-2.27,-2.55,-5.04,-3.32,-4.83,-2.56,-2.1,-4.7,-5.56,-4.01,-4.38,-3.15,-4.4,0.66,0.0,1.43,-2.77,-4.71,-1.95,-0.97,-2.24,-2.47,-2.98,-2.52,-1.28,-2.64,-2.05,-1.65,-3.2,-2.27,-2.55,-5.04,-3.32,-4.83,-2.56,-2.1,-4.7,-5.56,-4.01,-4.38,-3.15
202110,-2.08,2.13,2.95,2.32,3.58,1.89,1.97,4.05,2.63,4.94,1.71,4.07,3.43,3.15,6.7,3.81,6.27,4.8,6.2,7.34,3.46,6.2,7.23,13.4,4.83,6.63,-2.26,0.0,3.31,-2.08,2.13,2.95,2.32,3.58,1.89,1.97,4.05,2.63,4.94,1.71,4.07,3.43,3.15,6.7,3.81,6.27,4.8,6.2,7.34,3.46,6.2,7.23,13.4,4.83
202111,-9.53,-4.43,-4.5,-2.75,-6.99,-6.27,-2.77,-2.29,-2.84,-3.38,-8.36,-4.01,-4.13,-3.9,-4.38,-5.89,-4.13,-1.75,-3.37,-1.87,-2.01,1.46,-2.54,-1.19,-2.04,-1.58,-1.31,0.0,0.96,-9.53,-4.43,-4.5,-2.75,-6.99,-6.27,-2.77,-2.29,-2.84,-3.38,-8.36,-4.01,-4.13,-3.9,-4.38,-5.89,-4.13,-1.75,-3.37,-1.87,-2.01,1.46,-2.54,-1.19,-2.04
202112,-2.68,0.8,2.4,2.87,1.09,1.51,4.59,5.48,5.78,-0.43,2.25,4.78,4.09,3.02,-0.49,3.17,5.81,4.85,4.25,-0.06,7.13,4.84,4.93,3.69,-2.01,3.23,-1.63,0.01,-2.4,-2.69,0.79,2.39,2.8600000000000003,1.08,1.5,4.58,5.470000000000001,5.7700000000000005,-0.44,2.24,4.7700000000000005,4.08,3.0100000000000002,-0.5,3.16,5.8,4.84,4.24,-0.06999999999999999,7.12,4.83,4.92,3.68,-2.0199999999999996
202201,-13.55,-5.71,-4.1,-4.69,-9.75,-10.91,-7.71,-5.38,-4.52,-10.87,-10.2,-6.94,-5.62,-7.36,-11.44,-5.88,-6.48,-5.5,-7.62,-8.92,-1.59,-3.76,-5.13,-6.5,-7.95,-6.16,-5.93,0.0,-2.43,-13.55,-5.71,-4.1,-4.69,-9.75,-10.91,-7.71,-5.38,-4.52,-10.87,-10.2,-6.94,-5.62,-7.36,-11.44,-5.88,-6.48,-5.5,-7.62,-8.92,-1.59,-3.76,-5.13,-6.5,-7.95
202202,-3.61,2.59,1.07,-1.98,4.13,0.29,2.38,0.7,0.71,4.0,-1.06,0.43,2.69,2.37,1.23,-1.03,0.62,0.22,-0.15,3.68,-4.63,-2.4,-4.95,-2.4,-1.35,-2.28,2.16,0.0,1.62,-3.61,2.59,1.07,-1.98,4.13,0.29,2.38,0.7,0.71,4.0,-1.06,0.43,2.69,2.37,1.23,-1.03,0.62,0.22,-0.15,3.68,-4.63,-2.4,-4.95,-2.4,-1.35
202203,0.52,0.66,0.56,1.78,-0.83,0.32,-0.05,1.01,-1.15,3.92,3.36,0.68,0.11,1.95,3.23,-3.81,0.64,0.19,2.55,3.81,-0.31,1.35,2.65,4.11,5.12,3.08,-1.55,0.0,2.92,0.52,0.66,0.56,1.78,-0.83,0.32,-0.05,1.01,-1.15,3.92,3.36,0.68,0.11,1.95,3.23,-3.81,0.64,0.19,2.55,3.81,-0.31,1.35,2.65,4.11,5.12
202204,-18.14,-8.2,-6.66,-6.7,-5.04,-16.98,-8.48,-7.96,-8.44,-8.55,-13.68,-7.78,-7.15,-6.59,-7.56,-14.11,-5.91,-5.82,-7.3,-7.86,-15.89,-7.49,-8.23,-6.39,-11.14,-9.41,-1.35,0.0,4.98,-18.14,-8.2,-6.66,-6.7,-5.04,-16.98,-8.48,-7.96,-8.44,-8.55,-13.68,-7.78,-7.15,-6.59,-7.56,-14.11,-5.91,-5.82,-7.3,-7.86,-15.89,-7.49,-8.23,-6.39,-11.14
202205,-6.15,-1.08,0.87,1.37,0.96,-3.08,0.63,1.12,1.84,-1.0,-4.08,0.22,1.91,-0.22,3.55,-3.0,-0.16,0.33,1.44,-0.11,-4.55,4.56,-0.27,-1.24,-0.18,-0.34,-1.84,0.03,2.52,-6.180000000000001,-1.11,0.84,1.34,0.9299999999999999,-3.11,0.6,1.09,1.81,-1.03,-4.11,0.19,1.88,-0.25,3.52,-3.03,-0.19,0.30000000000000004,1.41,-0.14,-4.58,4.529999999999999,-0.30000000000000004,-1.27,-0.21
202206,-7.09,-7.21,-6.44,-3.09,-8.57,-7.26,-8.18,-5.01,-6.43,-12.3,-11.79,-8.4,-7.53,-7.09,-9.93,-11.63,-9.27,-9.09,-7.47,-12.17,-12.09,-11.56,-7.87,-7.4,-6.83,-8.4,2.07,0.06,1.06,-7.1499999999999995,-7.27,-6.5,-3.15,-8.63,-7.319999999999999,-8.24,-5.069999999999999,-6.489999999999999,-12.360000000000001,-11.85,-8.46,-7.59,-7.1499999999999995,-9.99,-11.690000000000001,-9.33,-9.15,-7.529999999999999,-12.23,-12.15,-11.620000000000001,-7.93,-7.46,-6.89
202207,10.58,6.4,8.27,4.59,10.74,12.3,11.18,10.71,9.58,10.31,12.79,9.31,10.76,9.28,9.49,11.73,12.94,9.32,8.25,8.85,11.11,14.53,8.87,10.57,4.84,9.57,2.86,0.08,-4.41,10.5,6.32,8.19,4.51,10.66,12.22,11.1,10.63,9.5,10.23,12.709999999999999,9.23,10.68,9.2,9.41,11.65,12.86,9.24,8.17,8.77,11.03,14.45,8.79,10.49,4.76
202208,1.73,-1.02,0.94,-1.6,2.19,-1.94,-2.16,-1.44,-3.23,1.17,-4.91,-4.51,-4.14,-2.82,1.33,-3.22,-5.38,-1.17,-1.56,0.34,-0.98,-5.89,-5.58,-3.42,-1.19,-3.77,1.41,0.19,1.89,1.54,-1.21,0.75,-1.79,2.0,-2.13,-2.35,-1.63,-3.42,0.98,-5.1000000000000005,-4.7,-4.33,-3.01,1.1400000000000001,-3.41,-5.57,-1.3599999999999999,-1.75,0.15000000000000002,-1.17,-6.08,-5.7700000000000005,-3.61,-1.38
202209,-13.09,-10.31,-9.11,-4.2,-8.49,-10.47,-11.07,-9.32,-7.05,-9.69,-11.8,-12.34,-9.3,-6.62,-8.94,-11.95,-12.01,-9.28,-7.7,-8.41,-12.28,-11.58,-8.83,-9.1,-5.37,-9.34,-0.76,0.19,3.71,-13.28,-10.5,-9.299999999999999,-4.390000000000001,-8.68,-10.66,-11.26,-9.51,-7.24,-9.879999999999999,-11.99,-12.53,-9.49,-6.8100000000000005,-9.129999999999999,-12.139999999999999,-12.2,-9.469999999999999,-7.890000000000001,-8.6,-12.469999999999999,-11.77,-9.02,-9.29,-5.5600000000000005
202210,5.3,7.59,9.61,7.2,9.6,6.96,11.29,12.57,12.83,14.24,5.3,11.8,9.65,12.05,11.91,2.25,6.88,8.4,10.99,10.3,3.58,4.97,7.93,7.37,13.15,7.85,0.01,0.23,3.94,5.069999999999999,7.359999999999999,9.379999999999999,6.97,9.37,6.7299999999999995,11.059999999999999,12.34,12.6,14.01,5.069999999999999,11.57,9.42,11.82,11.68,2.02,6.6499999999999995,8.17,10.76,10.07,3.35,4.739999999999999,7.699999999999999,7.14,12.92
202211,-5.0,2.53,0.65,2.11,-0.12,-1.36,1.67,3.04,1.13,1.59,4.0,7.27,4.88,4.46,1.06,3.83,7.86,8.03,4.53,3.3,10.86,4.58,7.24,4.29,3.09,4.65,-3.57,0.29,-1.71,-5.29,2.2399999999999998,0.36000000000000004,1.8199999999999998,-0.41,-1.6500000000000001,1.38,2.75,0.8399999999999999,1.3,3.71,6.9799999999999995,4.59,4.17,0.77,3.54,7.57,7.739999999999999,4.24,3.01,10.57,4.29,6.95,4.0,2.8
202212,-8.76,-3.87,-3.38,-1.27,-1.78,-10.25,-5.75,-0.82,-6.25,-3.49,-7.8,-5.65,-5.81,-6.44,-6.96,-7.52,-4.27,-5.77,-4.16,-5.91,-13.91,-6.76,-6.65,-3.06,-3.38,-6.38,-0.76,0.33,4.94,-9.09,-4.2,-3.71,-1.6,-2.11,-10.58,-6.08,-1.15,-6.58,-3.8200000000000003,-8.129999999999999,-5.98,-6.14,-6.7700000000000005,-7.29,-7.85,-4.6,-6.1,-4.49,-6.24,-14.24,-7.09,-6.98,-3.39,-3.71
202301,22.97,12.8,8.93,4.13,4.28,21.9,13.75,9.42,7.27,5.16,18.02,16.32,9.99,5.6,5.69,19.26,12.92,9.09,7.46,3.44,23.18,9.11,6.36,1.69,0.01,6.61,5.01,0.35,-16.21,22.619999999999997,12.450000000000001,8.58,3.78,3.93,21.549999999999997,13.4,9.07,6.92,4.8100000000000005,17.669999999999998,15.97,9.64,5.25,5.340000000000001,18.91,12.57,8.74,7.11,3.09,22.83,8.76,6.010000000000001,1.3399999999999999,-0.33999999999999997
202302,-8.17,-2.79,-2.34,0.52,-1.77,-4.59,-2.54,-0.14,-2.13,-2.27,-5.69,-1.72,-1.0,-0.75,0.75,-3.55,-4.38,-2.89,-1.79,-1.97,1.82,-1.61,-2.61,-3.31,-4.12,-2.57,1.05,0.34,0.52,-8.51,-3.13,-2.6799999999999997,0.18,-2.11,-4.93,-2.88,-0.48000000000000004,-2.4699999999999998,-2.61,-6.03,-2.06,-1.34,-1.09,0.41,-3.8899999999999997,-4.72,-3.23,-2.13,-2.31,1.48,-1.9500000000000002,-2.9499999999999997,-3.65,-4.46
202303,-12.0,-9.11,-5.73,-9.35,-3.58,-4.22,-3.52,-5.46,-4.88,-5.42,-5.23,-5.42,-4.4,-1.71,-2.22,-2.18,-4.49,0.07,-1.8,-1.26,9.6,6.08,1.89,1.95,1.35,2.48,-5.48,0.36,-2.38,-12.36,-9.469999999999999,-6.090000000000001,-9.709999999999999,-3.94,-4.58,-3.88,-5.82,-5.24,-5.78,-5.590000000000001,-5.78,-4.760000000000001,-2.07,-2.58,-2.54,-4.8500000000000005,-0.29,-2.16,-1.62,9.24,5.72,1.5299999999999998,1.5899999999999999,0.9900000000000001
202304,-3.71,-4.89,-4.26,-1.67,-2.69,-3.79,-2.81,-3.85,-2.21,-0.96,-2.2,-1.93,-2.48,-0.78,0.95,-6.01,-1.54,0.4,0.04,-1.34,-2.76,2.82,1.0,1.99,2.49,0.62,-3.37,0.35,1.75,-4.06,-5.239999999999999,-4.609999999999999,-2.02,-3.04,-4.14,-3.16,-4.2,-2.56,-1.31,-2.5500000000000003,-2.28,-2.83,-1.13,0.6,-6.359999999999999,-1.8900000000000001,0.050000000000000044,-0.31,-1.69,-3.11,2.4699999999999998,0.65,1.6400000000000001,2.14
202305,1.47,1.35,-0.42,-1.72,-0.32,-2.01,0.55,-2.73,-0.48,3.47,-1.72,-4.19,-2.31,-2.72,-0.91,3.6,-1.88,-5.37,-3.43,-0.86,11.53,1.86,0.04,-0.07,3.1,0.34,1.6,0.36,-0.88,1.1099999999999999,0.9900000000000001,-0.78,-2.08,-0.6799999999999999,-2.3699999999999997,0.19000000000000006,-3.09,-0.84,3.1100000000000003,-2.08,-4.550000000000001,-2.67,-3.08,-1.27,3.24,-2.2399999999999998,-5.73,-3.79,-1.22,11.17,1.5,-0.32,-0.43,2.74
202306,7.95,7.6,4.87,4.72,5.45,11.03,6.87,9.29,7.55,5.34,10.5,10.13,7.13,8.51,7.82,10.55,7.4,8.29,7.71,9.35,17.98,5.58,4.21,6.76,7.67,6.46,1.49,0.4,-2.71,7.55,7.199999999999999,4.47,4.319999999999999,5.05,10.629999999999999,6.47,8.889999999999999,7.1499999999999995,4.9399999999999995,10.1,9.73,6.7299999999999995,8.11,7.42,10.15,7.0,7.889999999999999,7.31,8.95,17.580000000000002,5.18,3.81,6.359999999999999,7.27
202307,10.47,6.86,4.57,5.33,0.52,10.46,6.46,8.27,4.34,4.01,11.62,7.65,3.13,3.83,4.85,12.16,6.16,4.8,2.59,1.66,3.25,4.56,4.15,3.51,2.33,3.21,2.05,0.45,-3.99,10.020000000000001,6.41,4.12,4.88,0.07,10.010000000000002,6.01,7.819999999999999,3.8899999999999997,3.5599999999999996,11.17,7.2,2.6799999999999997,3.38,4.3999999999999995,11.71,5.71,4.35,2.1399999999999997,1.21,2.8,4.109999999999999,3.7,3.0599999999999996,1.8800000000000001
202308,-11.72,-4.89,-4.61,-9.02,-6.21,-8.99,-6.0,-4.62,-3.52,-4.38,-5.16,-8.56,-4.14,-3.48,-3.24,-3.35,-2.71,-2.03,-2.88,-2.73,-8.99,-3.98,-1.23,-1.56,1.36,-2.36,-3.13,0.45,3.9,-12.17,-5.34,-5.0600000000000005,-9.469999999999999,-6.66,-9.44,-6.45,-5.07,-3.97,-4.83,-5.61,-9.01,-4.59,-3.93,-3.6900000000000004,-3.8000000000000003,-3.16,-2.48,-3.33,-3.18,-9.44,-4.43,-1.68,-2.0100000000000002,0.9100000000000001
202309,-8.77,-6.29,-3.45,-7.36,-6.17,-8.9,-4.98,-3.93,-6.79,-7.35,-7.56,-5.5,-3.8,-5.13,-7.21,-6.04,-4.56,-5.02,-5.43,-6.25,-5.52,-2.87,-3.51,-4.81,-6.76,-5.23,-2.5,0.43,0.25,-9.2,-6.72,-3.8800000000000003,-7.79,-6.6,-9.33,-5.41,-4.36,-7.22,-7.779999999999999,-7.989999999999999,-5.93,-4.2299999999999995,-5.56,-7.64,-6.47,-4.989999999999999,-5.449999999999999,-5.859999999999999,-6.68,-5.949999999999999,-3.3000000000000003,-3.94,-5.239999999999999,-7.1899999999999995
202310,-12.5,-2.68,-5.55,-6.55,-9.08,-8.19,-6.57,-6.6,-6.86,-6.17,-6.21,-6.25,-3.94,-6.17,-7.22,-9.82,-5.58,-4.26,-6.05,-7.17,-4.94,-3.39,-1.33,-0.88,-3.15,-3.15,-3.87,0.47,1.69,-12.97,-3.1500000000000004,-6.02,-7.02,-9.55,-8.66,-7.04,-7.069999999999999,-7.33,-6.64,-6.68,-6.72,-4.41,-6.64,-7.6899999999999995,-10.290000000000001,-6.05,-4.7299999999999995,-6.52,-7.64,-5.41,-3.8600000000000003,-1.8,-1.35,-3.62
202311,9.55,8.19,5.99,9.82,8.99,10.12,8.62,8.33,9.28,12.48,8.37,7.49,11.84,9.11,12.65,10.45,7.25,7.92,10.35,12.01,8.52,6.25,6.85,9.24,12.16,8.88,-0.11,0.44,2.59,9.110000000000001,7.749999999999999,5.55,9.38,8.55,9.68,8.18,7.89,8.84,12.040000000000001,7.929999999999999,7.05,11.4,8.67,12.21,10.01,6.81,7.4799999999999995,9.91,11.57,8.08,5.81,6.409999999999999,8.8,11.72
202312,18.82,15.13,12.39,7.62,14.38,17.46,12.8,12.59,12.14,10.62,16.32,12.34,9.75,10.09,11.35,18.63,10.39,7.76,6.4,9.09,7.71,6.45,4.95,3.57,3.59,4.85,6.28,0.43,-5.5,18.39,14.700000000000001,11.96,7.19,13.950000000000001,17.03,12.370000000000001,12.16,11.71,10.19,15.89,11.91,9.32,9.66,10.92,18.2,9.96,7.33,5.970000000000001,8.66,7.28,6.0200000000000005,4.5200000000000005,3.1399999999999997,3.1599999999999997
202401,-6.4,-4.24,-4.07,-0.78,-3.55,-7.1,-6.13,-5.6,-2.59,-1.7,-9.2,-2.64,-3.95,-4.07,-3.11,-5.09,-2.13,-1.26,-1.45,1.48,-3.58,-0.38,1.05,3.19,2.98,0.73,-5.04,0.47,5.46,-6.87,-4.71,-4.54,-1.25,-4.02,-7.569999999999999,-6.6,-6.069999999999999,-3.0599999999999996,-2.17,-9.67,-3.1100000000000003,-4.42,-4.54,-3.58,-5.56,-2.5999999999999996,-1.73,-1.92,1.01,-4.05,-0.85,0.5800000000000001,2.7199999999999998,2.51
202402,8.65,2.85,5.02,4.34,4.21,4.27,2.32,3.4,6.36,10.46,-0.04,0.57,4.18,4.57,8.67,2.41,3.93,3.81,5.79,11.03,0.19,2.1,2.95,3.83,8.34,5.07,-0.26,0.42,5.01,8.23,2.43,4.6,3.92,3.79,3.8499999999999996,1.9,2.98,5.94,10.040000000000001,-0.45999999999999996,0.14999999999999997,3.76,4.15,8.25,1.9900000000000002,3.5100000000000002,3.39,5.37,10.61,-0.22999999999999998,1.6800000000000002,2.5300000000000002,3.41,7.92
202403,0.99,4.18,0.64,3.22,4.11,1.45,4.01,2.72,3.52,2.0,3.95,4.56,2.82,3.52,3.85,3.31,5.04,4.27,4.53,4.65,5.38,3.23,4.18,1.64,3.78,2.84,-2.5,0.43,-0.32,0.56,3.7499999999999996,0.21000000000000002,2.79,3.68,1.02,3.5799999999999996,2.29,3.09,1.57,3.52,4.13,2.3899999999999997,3.09,3.42,2.88,4.61,3.8399999999999994,4.1000000000000005,4.220000000000001,4.95,2.8,3.7499999999999996,1.21,3.3499999999999996
202404,-10.4,-6.07,-8.27,-9.72,-10.37,-8.87,-6.53,-5.32,-6.38,-7.59,-5.75,-6.61,-8.11,-4.91,-6.3,-5.99,-4.69,-6.36,-5.62,-7.3,-3.29,-1.06,-2.96,-3.4,-5.51,-4.65,-2.38,0.47,-0.43,-10.870000000000001,-6.54,-8.74,-10.190000000000001,-10.84,-9.34,-7.0,-5.79,-6.85,-8.06,-6.22,-7.08,-8.58,-5.38,-6.77,-6.46,-5.16,-6.83,-6.09,-7.77,-3.76,-1.53,-3.4299999999999997,-3.87,-5.9799999999999995
202405,7.76,5.02,5.28,6.58,2.5,6.66,2.85,5.81,5.72,4.18,3.67,4.23,2.72,4.96,6.51,1.17,2.15,2.75,2.71,4.59,4.13,3.98,2.98,4.42,8.12,4.33,0.53,0.44,1.45,7.319999999999999,4.579999999999999,4.84,6.14,2.06,6.22,2.41,5.369999999999999,5.279999999999999,3.7399999999999998,3.23,3.7900000000000005,2.2800000000000002,4.52,6.069999999999999,0.73,1.71,2.31,2.27,4.1499999999999995,3.69,3.54,2.54,3.98,7.679999999999999
202406,-4.2,-3.22,-1.4,0.57,-5.81,-1.75,-0.58,0.1,-1.61,-3.54,-1.03,-1.77,-1.52,-0.57,-2.22,-0.94,-0.79,-2.34,0.56,-1.65,0.5,4.07,2.44,3.54,7.73,2.8,-3.0,0.41,0.86,-4.61,-3.6300000000000003,-1.8099999999999998,0.15999999999999998,-6.22,-2.16,-0.99,-0.30999999999999994,-2.02,-3.95,-1.44,-2.18,-1.93,-0.98,-2.6300000000000003,-1.3499999999999999,-1.2,-2.75,0.15000000000000008,-2.06,0.09000000000000002,3.66,2.03,3.13,7.32
202407,10.85,13.92,13.5,13.27,14.07,10.01,10.55,12.4,11.53,8.91,2.76,7.72,8.26,11.29,9.0,5.77,6.84,6.6,5.22,3.97,7.52,4.0,4.16,0.19,-3.83,1.22,6.81,0.45,-2.36,10.4,13.47,13.05,12.82,13.620000000000001,9.56,10.100000000000001,11.950000000000001,11.08,8.46,2.3099999999999996,7.27,7.81,10.84,8.55,5.319999999999999,6.39,6.1499999999999995,4.77,3.52,7.069999999999999,3.55,3.71,-0.26,-4.28
202408,-6.17,-1.75,-1.83,-0.96,-1.7,-6.07,-2.23,0.44,0.62,1.82,-2.95,-1.06,-0.59,-0.56,1.69,0.16,2.23,0.37,1.62,1.74,-2.25,1.59,2.85,3.99,1.9,1.6,-3.49,0.48,4.86,-6.65,-2.23,-2.31,-1.44,-2.1799999999999997,-6.550000000000001,-2.71,-0.03999999999999998,0.14,1.34,-3.43,-1.54,-1.0699999999999998,-1.04,1.21,-0.31999999999999995,1.75,-0.10999999999999999,1.1400000000000001,1.26,-2.73,1.11,2.37,3.5100000000000002,1.42
202409,1.98,-1.34,0.16,-0.24,-1.82,-0.58,0.44,-0.54,-0.04,0.05,3.71,0.74,1.75,0.97,2.42,1.52,2.13,2.19,1.66,3.77,7.73,0.5,1.97,2.23,2.06,1.72,-0.13,0.4,-0.6,1.58,-1.7400000000000002,-0.24000000000000002,-0.64,-2.22,-0.98,0.03999999999999998,-0.9400000000000001,-0.44,-0.35000000000000003,3.31,0.33999999999999997,1.35,0.57,2.02,1.12,1.73,1.79,1.2599999999999998,3.37,7.33,0.09999999999999998,1.5699999999999998,1.83,1.6600000000000001
